participant_id,participant_route,eval_case_id,success,termination_reason,primary_failure,failure_labels,target_xy_error,final_cylinder_tilt_degrees,maximum_cylinder_tilt_degrees,box_obstacle_contact_steps,robot_obstacle_contact_steps,realised_route,crossed_obstacle_y_band,minimum_box_cylinder_xy_distance,checkpoint_sha256,paired_manifest_sha256,video_path
T01,L,0,0,policy_timeout,target_miss,policy_timeout;target_miss,1.719478,0.000392,0.000495,0,0,indeterminate,0,0.301409,af509e1c607c5d6feee8dbf924b596d7799b7b183176477a84c0d2417ac33234,10dbbe16da06b4013899e350fece05687abc8c45471b584ac5a2473a0e486dad,/cephfs/volumes/hpc_data_prj/eng_demt_robot_learning/45908032-a3fa-4719-9989-cd8d04c08f7a/polymetics_demt/rebuttal_dataset/simulation_target_group/policy_rollouts/T01/videos/case_00_execution_0.mp4
T01,L,1,0,policy_timeout,cylinder_topple,cylinder_toppled;policy_timeout;target_miss,1.716182,89.999997,107.645271,0,1,L,1,0.097267,af509e1c607c5d6feee8dbf924b596d7799b7b183176477a84c0d2417ac33234,10dbbe16da06b4013899e350fece05687abc8c45471b584ac5a2473a0e486dad,/cephfs/volumes/hpc_data_prj/eng_demt_robot_learning/45908032-a3fa-4719-9989-cd8d04c08f7a/polymetics_demt/rebuttal_dataset/simulation_target_group/policy_rollouts/T01/videos/case_01_execution_0.mp4
T01,L,2,0,policy_timeout,target_miss,policy_timeout;target_miss,0.468157,0.000342,0.000495,0,0,L,1,0.279975,af509e1c607c5d6feee8dbf924b596d7799b7b183176477a84c0d2417ac33234,10dbbe16da06b4013899e350fece05687abc8c45471b584ac5a2473a0e486dad,/cephfs/volumes/hpc_data_prj/eng_demt_robot_learning/45908032-a3fa-4719-9989-cd8d04c08f7a/polymetics_demt/rebuttal_dataset/simulation_target_group/policy_rollouts/T01/videos/case_02_execution_0.mp4
T01,L,3,1,success,success,,0.013718,0.000313,0.000369,0,0,L,1,0.134728,af509e1c607c5d6feee8dbf924b596d7799b7b183176477a84c0d2417ac33234,10dbbe16da06b4013899e350fece05687abc8c45471b584ac5a2473a0e486dad,/cephfs/volumes/hpc_data_prj/eng_demt_robot_learning/45908032-a3fa-4719-9989-cd8d04c08f7a/polymetics_demt/rebuttal_dataset/simulation_target_group/policy_rollouts/T01/videos/case_03_execution_0.mp4
T01,L,4,1,success,success,,0.073255,0.000368,0.000373,0,0,L,1,0.210032,af509e1c607c5d6feee8dbf924b596d7799b7b183176477a84c0d2417ac33234,10dbbe16da06b4013899e350fece05687abc8c45471b584ac5a2473a0e486dad,/cephfs/volumes/hpc_data_prj/eng_demt_robot_learning/45908032-a3fa-4719-9989-cd8d04c08f7a/polymetics_demt/rebuttal_dataset/simulation_target_group/policy_rollouts/T01/videos/case_04_execution_0.mp4
T01,L,5,1,success,success,,0.06346,0.000237,0.000368,0,0,L,1,0.211332,af509e1c607c5d6feee8dbf924b596d7799b7b183176477a84c0d2417ac33234,10dbbe16da06b4013899e350fece05687abc8c45471b584ac5a2473a0e486dad,/cephfs/volumes/hpc_data_prj/eng_demt_robot_learning/45908032-a3fa-4719-9989-cd8d04c08f7a/polymetics_demt/rebuttal_dataset/simulation_target_group/policy_rollouts/T01/videos/case_05_execution_0.mp4
T01,L,6,1,success,success,,0.081147,1.2e-05,0.000373,0,0,L,1,0.173271,af509e1c607c5d6feee8dbf924b596d7799b7b183176477a84c0d2417ac33234,10dbbe16da06b4013899e350fece05687abc8c45471b584ac5a2473a0e486dad,/cephfs/volumes/hpc_data_prj/eng_demt_robot_learning/45908032-a3fa-4719-9989-cd8d04c08f7a/polymetics_demt/rebuttal_dataset/simulation_target_group/policy_rollouts/T01/videos/case_06_execution_0.mp4
T01,L,7,0,policy_timeout,cylinder_topple,cylinder_toppled;policy_timeout;target_miss,0.147159,89.999982,90.09874,0,3,L,1,0.130656,af509e1c607c5d6feee8dbf924b596d7799b7b183176477a84c0d2417ac33234,10dbbe16da06b4013899e350fece05687abc8c45471b584ac5a2473a0e486dad,/cephfs/volumes/hpc_data_prj/eng_demt_robot_learning/45908032-a3fa-4719-9989-cd8d04c08f7a/polymetics_demt/rebuttal_dataset/simulation_target_group/policy_rollouts/T01/videos/case_07_execution_0.mp4
T01,L,8,1,success,success,,0.021729,0.000249,0.000495,0,0,L,1,0.207007,af509e1c607c5d6feee8dbf924b596d7799b7b183176477a84c0d2417ac33234,10dbbe16da06b4013899e350fece05687abc8c45471b584ac5a2473a0e486dad,/cephfs/volumes/hpc_data_prj/eng_demt_robot_learning/45908032-a3fa-4719-9989-cd8d04c08f7a/polymetics_demt/rebuttal_dataset/simulation_target_group/policy_rollouts/T01/videos/case_08_execution_0.mp4
T01,L,9,0,policy_timeout,cylinder_topple,cylinder_toppled;policy_timeout,0.046763,89.999989,90.041325,0,3,L,1,0.08287,af509e1c607c5d6feee8dbf924b596d7799b7b183176477a84c0d2417ac33234,10dbbe16da06b4013899e350fece05687abc8c45471b584ac5a2473a0e486dad,/cephfs/volumes/hpc_data_prj/eng_demt_robot_learning/45908032-a3fa-4719-9989-cd8d04c08f7a/polymetics_demt/rebuttal_dataset/simulation_target_group/policy_rollouts/T01/videos/case_09_execution_0.mp4
T02,L,0,0,policy_timeout,target_miss,policy_timeout;target_miss,2.436486,0.000408,0.000495,0,0,indeterminate,0,0.301409,c99f4315d501aec64b2809a524360753d7005a5d55b17b478648431c5c4626f3,10dbbe16da06b4013899e350fece05687abc8c45471b584ac5a2473a0e486dad,/cephfs/volumes/hpc_data_prj/eng_demt_robot_learning/45908032-a3fa-4719-9989-cd8d04c08f7a/polymetics_demt/rebuttal_dataset/simulation_target_group/policy_rollouts/T02/videos/case_00_execution_0.mp4
T02,L,1,0,policy_timeout,cylinder_topple,cylinder_toppled;policy_timeout;target_miss,0.318855,89.999998,90.036535,0,4,L,1,0.097729,c99f4315d501aec64b2809a524360753d7005a5d55b17b478648431c5c4626f3,10dbbe16da06b4013899e350fece05687abc8c45471b584ac5a2473a0e486dad,/cephfs/volumes/hpc_data_prj/eng_demt_robot_learning/45908032-a3fa-4719-9989-cd8d04c08f7a/polymetics_demt/rebuttal_dataset/simulation_target_group/policy_rollouts/T02/videos/case_01_execution_0.mp4
T02,L,2,0,policy_timeout,target_miss,policy_timeout;target_miss,5.447149,0.000222,0.000495,0,0,indeterminate,0,0.279975,c99f4315d501aec64b2809a524360753d7005a5d55b17b478648431c5c4626f3,10dbbe16da06b4013899e350fece05687abc8c45471b584ac5a2473a0e486dad,/cephfs/volumes/hpc_data_prj/eng_demt_robot_learning/45908032-a3fa-4719-9989-cd8d04c08f7a/polymetics_demt/rebuttal_dataset/simulation_target_group/policy_rollouts/T02/videos/case_02_execution_0.mp4
T02,L,3,0,policy_timeout,target_miss,policy_timeout;target_miss,0.148069,0.000264,0.000328,0,0,L,1,0.149667,c99f4315d501aec64b2809a524360753d7005a5d55b17b478648431c5c4626f3,10dbbe16da06b4013899e350fece05687abc8c45471b584ac5a2473a0e486dad,/cephfs/volumes/hpc_data_prj/eng_demt_robot_learning/45908032-a3fa-4719-9989-cd8d04c08f7a/polymetics_demt/rebuttal_dataset/simulation_target_group/policy_rollouts/T02/videos/case_03_execution_0.mp4
T02,L,4,1,success,success,,0.043702,0.0,0.00037,0,0,L,1,0.198827,c99f4315d501aec64b2809a524360753d7005a5d55b17b478648431c5c4626f3,10dbbe16da06b4013899e350fece05687abc8c45471b584ac5a2473a0e486dad,/cephfs/volumes/hpc_data_prj/eng_demt_robot_learning/45908032-a3fa-4719-9989-cd8d04c08f7a/polymetics_demt/rebuttal_dataset/simulation_target_group/policy_rollouts/T02/videos/case_04_execution_0.mp4
T02,L,5,1,success,success,,0.045394,4e-06,0.000375,0,0,L,1,0.194365,c99f4315d501aec64b2809a524360753d7005a5d55b17b478648431c5c4626f3,10dbbe16da06b4013899e350fece05687abc8c45471b584ac5a2473a0e486dad,/cephfs/volumes/hpc_data_prj/eng_demt_robot_learning/45908032-a3fa-4719-9989-cd8d04c08f7a/polymetics_demt/rebuttal_dataset/simulation_target_group/policy_rollouts/T02/videos/case_05_execution_0.mp4
T02,L,6,1,success,success,,0.026043,1e-05,0.000367,0,0,L,1,0.184042,c99f4315d501aec64b2809a524360753d7005a5d55b17b478648431c5c4626f3,10dbbe16da06b4013899e350fece05687abc8c45471b584ac5a2473a0e486dad,/cephfs/volumes/hpc_data_prj/eng_demt_robot_learning/45908032-a3fa-4719-9989-cd8d04c08f7a/polymetics_demt/rebuttal_dataset/simulation_target_group/policy_rollouts/T02/videos/case_06_execution_0.mp4
T02,L,7,1,success,success,,0.058469,4e-06,0.000267,0,0,L,1,0.132986,c99f4315d501aec64b2809a524360753d7005a5d55b17b478648431c5c4626f3,10dbbe16da06b4013899e350fece05687abc8c45471b584ac5a2473a0e486dad,/cephfs/volumes/hpc_data_prj/eng_demt_robot_learning/45908032-a3fa-4719-9989-cd8d04c08f7a/polymetics_demt/rebuttal_dataset/simulation_target_group/policy_rollouts/T02/videos/case_07_execution_0.mp4
T02,L,8,1,success,success,,0.015017,7e-06,0.000368,0,0,L,1,0.208456,c99f4315d501aec64b2809a524360753d7005a5d55b17b478648431c5c4626f3,10dbbe16da06b4013899e350fece05687abc8c45471b584ac5a2473a0e486dad,/cephfs/volumes/hpc_data_prj/eng_demt_robot_learning/45908032-a3fa-4719-9989-cd8d04c08f7a/polymetics_demt/rebuttal_dataset/simulation_target_group/policy_rollouts/T02/videos/case_08_execution_0.mp4
T02,L,9,0,policy_timeout,cylinder_topple,cylinder_toppled;policy_timeout,0.014982,90.0,90.364968,0,29,L,1,0.115057,c99f4315d501aec64b2809a524360753d7005a5d55b17b478648431c5c4626f3,10dbbe16da06b4013899e350fece05687abc8c45471b584ac5a2473a0e486dad,/cephfs/volumes/hpc_data_prj/eng_demt_robot_learning/45908032-a3fa-4719-9989-cd8d04c08f7a/polymetics_demt/rebuttal_dataset/simulation_target_group/policy_rollouts/T02/videos/case_09_execution_0.mp4
T03,L,0,0,policy_timeout,target_miss,policy_timeout;target_miss,2.940589,0.000364,0.000495,0,0,indeterminate,0,0.301409,5123f3359bb0374460324088942a178cee0ec989a835e413769f05074a6e0d8c,10dbbe16da06b4013899e350fece05687abc8c45471b584ac5a2473a0e486dad,/cephfs/volumes/hpc_data_prj/eng_demt_robot_learning/45908032-a3fa-4719-9989-cd8d04c08f7a/polymetics_demt/rebuttal_dataset/simulation_target_group/policy_rollouts/T03/videos/case_00_execution_0.mp4
T03,L,1,0,policy_timeout,cylinder_topple,cylinder_toppled;policy_timeout;target_miss,0.530001,90.000002,90.00079,53,1,L,1,0.089551,5123f3359bb0374460324088942a178cee0ec989a835e413769f05074a6e0d8c,10dbbe16da06b4013899e350fece05687abc8c45471b584ac5a2473a0e486dad,/cephfs/volumes/hpc_data_prj/eng_demt_robot_learning/45908032-a3fa-4719-9989-cd8d04c08f7a/polymetics_demt/rebuttal_dataset/simulation_target_group/policy_rollouts/T03/videos/case_01_execution_0.mp4
T03,L,2,0,policy_timeout,cylinder_topple,cylinder_toppled;policy_timeout;target_miss,0.883179,89.999896,90.091433,0,1,L,1,0.265666,5123f3359bb0374460324088942a178cee0ec989a835e413769f05074a6e0d8c,10dbbe16da06b4013899e350fece05687abc8c45471b584ac5a2473a0e486dad,/cephfs/volumes/hpc_data_prj/eng_demt_robot_learning/45908032-a3fa-4719-9989-cd8d04c08f7a/polymetics_demt/rebuttal_dataset/simulation_target_group/policy_rollouts/T03/videos/case_02_execution_0.mp4
T03,L,3,1,success,success,,0.012927,4e-06,0.000495,0,0,L,1,0.144408,5123f3359bb0374460324088942a178cee0ec989a835e413769f05074a6e0d8c,10dbbe16da06b4013899e350fece05687abc8c45471b584ac5a2473a0e486dad,/cephfs/volumes/hpc_data_prj/eng_demt_robot_learning/45908032-a3fa-4719-9989-cd8d04c08f7a/polymetics_demt/rebuttal_dataset/simulation_target_group/policy_rollouts/T03/videos/case_03_execution_0.mp4
T03,L,4,0,policy_timeout,cylinder_topple,cylinder_toppled;policy_timeout;target_miss,0.59343,89.999999,90.098078,0,2,L,1,0.182093,5123f3359bb0374460324088942a178cee0ec989a835e413769f05074a6e0d8c,10dbbe16da06b4013899e350fece05687abc8c45471b584ac5a2473a0e486dad,/cephfs/volumes/hpc_data_prj/eng_demt_robot_learning/45908032-a3fa-4719-9989-cd8d04c08f7a/polymetics_demt/rebuttal_dataset/simulation_target_group/policy_rollouts/T03/videos/case_04_execution_0.mp4
T03,L,5,0,policy_timeout,cylinder_topple,cylinder_toppled;policy_timeout;target_miss,0.105198,89.999998,90.131307,0,2,L,1,0.18362,5123f3359bb0374460324088942a178cee0ec989a835e413769f05074a6e0d8c,10dbbe16da06b4013899e350fece05687abc8c45471b584ac5a2473a0e486dad,/cephfs/volumes/hpc_data_prj/eng_demt_robot_learning/45908032-a3fa-4719-9989-cd8d04c08f7a/polymetics_demt/rebuttal_dataset/simulation_target_group/policy_rollouts/T03/videos/case_05_execution_0.mp4
T03,L,6,0,policy_timeout,target_miss,policy_timeout;target_miss,0.361426,0.000368,0.000495,0,0,L,1,0.179315,5123f3359bb0374460324088942a178cee0ec989a835e413769f05074a6e0d8c,10dbbe16da06b4013899e350fece05687abc8c45471b584ac5a2473a0e486dad,/cephfs/volumes/hpc_data_prj/eng_demt_robot_learning/45908032-a3fa-4719-9989-cd8d04c08f7a/polymetics_demt/rebuttal_dataset/simulation_target_group/policy_rollouts/T03/videos/case_06_execution_0.mp4
T03,L,7,0,policy_timeout,target_miss,policy_timeout;target_miss,0.1101,0.000208,1.296144,0,56,L,1,0.111184,5123f3359bb0374460324088942a178cee0ec989a835e413769f05074a6e0d8c,10dbbe16da06b4013899e350fece05687abc8c45471b584ac5a2473a0e486dad,/cephfs/volumes/hpc_data_prj/eng_demt_robot_learning/45908032-a3fa-4719-9989-cd8d04c08f7a/polymetics_demt/rebuttal_dataset/simulation_target_group/policy_rollouts/T03/videos/case_07_execution_0.mp4
T03,L,8,1,success,success,,0.017298,7e-06,0.000334,0,0,L,1,0.193667,5123f3359bb0374460324088942a178cee0ec989a835e413769f05074a6e0d8c,10dbbe16da06b4013899e350fece05687abc8c45471b584ac5a2473a0e486dad,/cephfs/volumes/hpc_data_prj/eng_demt_robot_learning/45908032-a3fa-4719-9989-cd8d04c08f7a/polymetics_demt/rebuttal_dataset/simulation_target_group/policy_rollouts/T03/videos/case_08_execution_0.mp4
T03,L,9,1,success,success,,0.010271,3e-06,0.000336,0,107,L,1,0.121405,5123f3359bb0374460324088942a178cee0ec989a835e413769f05074a6e0d8c,10dbbe16da06b4013899e350fece05687abc8c45471b584ac5a2473a0e486dad,/cephfs/volumes/hpc_data_prj/eng_demt_robot_learning/45908032-a3fa-4719-9989-cd8d04c08f7a/polymetics_demt/rebuttal_dataset/simulation_target_group/policy_rollouts/T03/videos/case_09_execution_0.mp4
T04,L,0,0,policy_timeout,target_miss,policy_timeout;target_miss,2.287334,0.000344,0.000495,0,0,indeterminate,0,0.301409,6196474fdbb04b1d20a5300e7f64597b89d54cb2e98c8c6424e422fa71eb9845,10dbbe16da06b4013899e350fece05687abc8c45471b584ac5a2473a0e486dad,/cephfs/volumes/hpc_data_prj/eng_demt_robot_learning/45908032-a3fa-4719-9989-cd8d04c08f7a/polymetics_demt/rebuttal_dataset/simulation_target_group/policy_rollouts/T04/videos/case_00_execution_0.mp4
T04,L,1,0,policy_timeout,cylinder_topple,cylinder_toppled;policy_timeout,0.012964,89.99993,179.545775,0,1,L,1,0.043924,6196474fdbb04b1d20a5300e7f64597b89d54cb2e98c8c6424e422fa71eb9845,10dbbe16da06b4013899e350fece05687abc8c45471b584ac5a2473a0e486dad,/cephfs/volumes/hpc_data_prj/eng_demt_robot_learning/45908032-a3fa-4719-9989-cd8d04c08f7a/polymetics_demt/rebuttal_dataset/simulation_target_group/policy_rollouts/T04/videos/case_01_execution_0.mp4
T04,L,2,0,policy_timeout,cylinder_topple,cylinder_toppled;policy_timeout;target_miss,6.679261,89.999985,138.716762,0,1,indeterminate,0,0.279975,6196474fdbb04b1d20a5300e7f64597b89d54cb2e98c8c6424e422fa71eb9845,10dbbe16da06b4013899e350fece05687abc8c45471b584ac5a2473a0e486dad,/cephfs/volumes/hpc_data_prj/eng_demt_robot_learning/45908032-a3fa-4719-9989-cd8d04c08f7a/polymetics_demt/rebuttal_dataset/simulation_target_group/policy_rollouts/T04/videos/case_02_execution_0.mp4
T04,L,3,0,policy_timeout,cylinder_topple,cylinder_toppled;policy_timeout;target_miss,2.045978,89.999997,90.236998,357,2,L,1,0.101623,6196474fdbb04b1d20a5300e7f64597b89d54cb2e98c8c6424e422fa71eb9845,10dbbe16da06b4013899e350fece05687abc8c45471b584ac5a2473a0e486dad,/cephfs/volumes/hpc_data_prj/eng_demt_robot_learning/45908032-a3fa-4719-9989-cd8d04c08f7a/polymetics_demt/rebuttal_dataset/simulation_target_group/policy_rollouts/T04/videos/case_03_execution_0.mp4
T04,L,4,0,policy_timeout,cylinder_topple,cylinder_toppled;policy_timeout;target_miss,0.713821,89.99999,95.494567,0,4,L,1,0.166742,6196474fdbb04b1d20a5300e7f64597b89d54cb2e98c8c6424e422fa71eb9845,10dbbe16da06b4013899e350fece05687abc8c45471b584ac5a2473a0e486dad,/cephfs/volumes/hpc_data_prj/eng_demt_robot_learning/45908032-a3fa-4719-9989-cd8d04c08f7a/polymetics_demt/rebuttal_dataset/simulation_target_group/policy_rollouts/T04/videos/case_04_execution_0.mp4
T04,L,5,1,success,success,,0.02586,0.000307,0.000495,0,0,L,1,0.161416,6196474fdbb04b1d20a5300e7f64597b89d54cb2e98c8c6424e422fa71eb9845,10dbbe16da06b4013899e350fece05687abc8c45471b584ac5a2473a0e486dad,/cephfs/volumes/hpc_data_prj/eng_demt_robot_learning/45908032-a3fa-4719-9989-cd8d04c08f7a/polymetics_demt/rebuttal_dataset/simulation_target_group/policy_rollouts/T04/videos/case_05_execution_0.mp4
T04,L,6,0,policy_timeout,target_miss,policy_timeout;target_miss,0.122642,1e-05,0.000437,0,0,L,1,0.151804,6196474fdbb04b1d20a5300e7f64597b89d54cb2e98c8c6424e422fa71eb9845,10dbbe16da06b4013899e350fece05687abc8c45471b584ac5a2473a0e486dad,/cephfs/volumes/hpc_data_prj/eng_demt_robot_learning/45908032-a3fa-4719-9989-cd8d04c08f7a/polymetics_demt/rebuttal_dataset/simulation_target_group/policy_rollouts/T04/videos/case_06_execution_0.mp4
T04,L,7,0,policy_timeout,cylinder_topple,cylinder_toppled;policy_timeout,0.075911,90.000001,179.293463,0,1,L,1,0.083614,6196474fdbb04b1d20a5300e7f64597b89d54cb2e98c8c6424e422fa71eb9845,10dbbe16da06b4013899e350fece05687abc8c45471b584ac5a2473a0e486dad,/cephfs/volumes/hpc_data_prj/eng_demt_robot_learning/45908032-a3fa-4719-9989-cd8d04c08f7a/polymetics_demt/rebuttal_dataset/simulation_target_group/policy_rollouts/T04/videos/case_07_execution_0.mp4
T04,L,8,0,policy_timeout,cylinder_topple,cylinder_toppled;policy_timeout;target_miss,0.151012,89.999996,178.691407,0,3,L,1,0.185292,6196474fdbb04b1d20a5300e7f64597b89d54cb2e98c8c6424e422fa71eb9845,10dbbe16da06b4013899e350fece05687abc8c45471b584ac5a2473a0e486dad,/cephfs/volumes/hpc_data_prj/eng_demt_robot_learning/45908032-a3fa-4719-9989-cd8d04c08f7a/polymetics_demt/rebuttal_dataset/simulation_target_group/policy_rollouts/T04/videos/case_08_execution_0.mp4
T04,L,9,0,policy_timeout,cylinder_topple,cylinder_toppled;policy_timeout,0.035804,90.000001,97.809701,0,3,L,1,0.067426,6196474fdbb04b1d20a5300e7f64597b89d54cb2e98c8c6424e422fa71eb9845,10dbbe16da06b4013899e350fece05687abc8c45471b584ac5a2473a0e486dad,/cephfs/volumes/hpc_data_prj/eng_demt_robot_learning/45908032-a3fa-4719-9989-cd8d04c08f7a/polymetics_demt/rebuttal_dataset/simulation_target_group/policy_rollouts/T04/videos/case_09_execution_0.mp4
T05,L,0,0,policy_timeout,target_miss,policy_timeout;target_miss,2.930868,0.000195,0.000495,0,0,indeterminate,0,0.301409,80abbcebcaaf18bef6eb350f05332c29d1d167bed688ee287aa45009b0e04077,10dbbe16da06b4013899e350fece05687abc8c45471b584ac5a2473a0e486dad,/cephfs/volumes/hpc_data_prj/eng_demt_robot_learning/45908032-a3fa-4719-9989-cd8d04c08f7a/polymetics_demt/rebuttal_dataset/simulation_target_group/policy_rollouts/T05/videos/case_00_execution_0.mp4
T05,L,1,0,policy_timeout,cylinder_topple,cylinder_toppled;policy_timeout,0.026522,89.999998,170.599189,0,0,L,1,0.074628,80abbcebcaaf18bef6eb350f05332c29d1d167bed688ee287aa45009b0e04077,10dbbe16da06b4013899e350fece05687abc8c45471b584ac5a2473a0e486dad,/cephfs/volumes/hpc_data_prj/eng_demt_robot_learning/45908032-a3fa-4719-9989-cd8d04c08f7a/polymetics_demt/rebuttal_dataset/simulation_target_group/policy_rollouts/T05/videos/case_01_execution_0.mp4
T05,L,2,0,policy_timeout,target_miss,policy_timeout;target_miss,5.385812,0.000343,0.000495,0,0,indeterminate,0,0.279975,80abbcebcaaf18bef6eb350f05332c29d1d167bed688ee287aa45009b0e04077,10dbbe16da06b4013899e350fece05687abc8c45471b584ac5a2473a0e486dad,/cephfs/volumes/hpc_data_prj/eng_demt_robot_learning/45908032-a3fa-4719-9989-cd8d04c08f7a/polymetics_demt/rebuttal_dataset/simulation_target_group/policy_rollouts/T05/videos/case_02_execution_0.mp4
T05,L,3,0,policy_timeout,cylinder_topple,cylinder_toppled;policy_timeout,0.013711,90.000002,104.252044,0,1,L,1,0.106678,80abbcebcaaf18bef6eb350f05332c29d1d167bed688ee287aa45009b0e04077,10dbbe16da06b4013899e350fece05687abc8c45471b584ac5a2473a0e486dad,/cephfs/volumes/hpc_data_prj/eng_demt_robot_learning/45908032-a3fa-4719-9989-cd8d04c08f7a/polymetics_demt/rebuttal_dataset/simulation_target_group/policy_rollouts/T05/videos/case_03_execution_0.mp4
T05,L,4,0,policy_timeout,target_miss,policy_timeout;target_miss,1.654755,0.000266,0.000495,0,0,L,1,0.157113,80abbcebcaaf18bef6eb350f05332c29d1d167bed688ee287aa45009b0e04077,10dbbe16da06b4013899e350fece05687abc8c45471b584ac5a2473a0e486dad,/cephfs/volumes/hpc_data_prj/eng_demt_robot_learning/45908032-a3fa-4719-9989-cd8d04c08f7a/polymetics_demt/rebuttal_dataset/simulation_target_group/policy_rollouts/T05/videos/case_04_execution_0.mp4
T05,L,5,1,success,success,,0.017179,7e-06,0.000393,0,0,L,1,0.180764,80abbcebcaaf18bef6eb350f05332c29d1d167bed688ee287aa45009b0e04077,10dbbe16da06b4013899e350fece05687abc8c45471b584ac5a2473a0e486dad,/cephfs/volumes/hpc_data_prj/eng_demt_robot_learning/45908032-a3fa-4719-9989-cd8d04c08f7a/polymetics_demt/rebuttal_dataset/simulation_target_group/policy_rollouts/T05/videos/case_05_execution_0.mp4
T05,L,6,1,success,success,,0.013807,0.000328,0.000393,0,0,L,1,0.148932,80abbcebcaaf18bef6eb350f05332c29d1d167bed688ee287aa45009b0e04077,10dbbe16da06b4013899e350fece05687abc8c45471b584ac5a2473a0e486dad,/cephfs/volumes/hpc_data_prj/eng_demt_robot_learning/45908032-a3fa-4719-9989-cd8d04c08f7a/polymetics_demt/rebuttal_dataset/simulation_target_group/policy_rollouts/T05/videos/case_06_execution_0.mp4
T05,L,7,0,policy_timeout,cylinder_topple,cylinder_toppled;policy_timeout,0.010145,90.000066,179.814632,0,0,L,1,0.098598,80abbcebcaaf18bef6eb350f05332c29d1d167bed688ee287aa45009b0e04077,10dbbe16da06b4013899e350fece05687abc8c45471b584ac5a2473a0e486dad,/cephfs/volumes/hpc_data_prj/eng_demt_robot_learning/45908032-a3fa-4719-9989-cd8d04c08f7a/polymetics_demt/rebuttal_dataset/simulation_target_group/policy_rollouts/T05/videos/case_07_execution_0.mp4
T05,L,8,0,policy_timeout,target_miss,policy_timeout;target_miss,1.244755,0.00044,0.000495,0,0,L,1,0.151191,80abbcebcaaf18bef6eb350f05332c29d1d167bed688ee287aa45009b0e04077,10dbbe16da06b4013899e350fece05687abc8c45471b584ac5a2473a0e486dad,/cephfs/volumes/hpc_data_prj/eng_demt_robot_learning/45908032-a3fa-4719-9989-cd8d04c08f7a/polymetics_demt/rebuttal_dataset/simulation_target_group/policy_rollouts/T05/videos/case_08_execution_0.mp4
T05,L,9,0,policy_timeout,cylinder_topple,cylinder_toppled;policy_timeout,0.007732,90.000075,179.579125,0,1,L,1,0.079044,80abbcebcaaf18bef6eb350f05332c29d1d167bed688ee287aa45009b0e04077,10dbbe16da06b4013899e350fece05687abc8c45471b584ac5a2473a0e486dad,/cephfs/volumes/hpc_data_prj/eng_demt_robot_learning/45908032-a3fa-4719-9989-cd8d04c08f7a/polymetics_demt/rebuttal_dataset/simulation_target_group/policy_rollouts/T05/videos/case_09_execution_0.mp4
T06,R,0,0,policy_timeout,cylinder_topple,cylinder_toppled;policy_timeout;target_miss,1.197766,90.0,90.048746,0,147,indeterminate,0,0.301409,9d034bb9fec6a4902694b6ac30174e03c7fdfd147857b5c49bb3edf1a8a80a50,10dbbe16da06b4013899e350fece05687abc8c45471b584ac5a2473a0e486dad,/cephfs/volumes/hpc_data_prj/eng_demt_robot_learning/45908032-a3fa-4719-9989-cd8d04c08f7a/polymetics_demt/rebuttal_dataset/simulation_target_group/policy_rollouts/T06/videos/case_00_execution_0.mp4
T06,R,1,0,policy_timeout,cylinder_topple,cylinder_toppled;policy_timeout;target_miss,0.311502,89.999907,90.018545,0,11,L,1,0.125261,9d034bb9fec6a4902694b6ac30174e03c7fdfd147857b5c49bb3edf1a8a80a50,10dbbe16da06b4013899e350fece05687abc8c45471b584ac5a2473a0e486dad,/cephfs/volumes/hpc_data_prj/eng_demt_robot_learning/45908032-a3fa-4719-9989-cd8d04c08f7a/polymetics_demt/rebuttal_dataset/simulation_target_group/policy_rollouts/T06/videos/case_01_execution_0.mp4
T06,R,2,0,policy_timeout,target_miss,policy_timeout;target_miss,0.34344,0.000342,0.000495,0,0,indeterminate,0,0.128697,9d034bb9fec6a4902694b6ac30174e03c7fdfd147857b5c49bb3edf1a8a80a50,10dbbe16da06b4013899e350fece05687abc8c45471b584ac5a2473a0e486dad,/cephfs/volumes/hpc_data_prj/eng_demt_robot_learning/45908032-a3fa-4719-9989-cd8d04c08f7a/polymetics_demt/rebuttal_dataset/simulation_target_group/policy_rollouts/T06/videos/case_02_execution_0.mp4
T06,R,3,1,success,success,,0.002943,5.3e-05,0.000323,0,0,R,1,0.177082,9d034bb9fec6a4902694b6ac30174e03c7fdfd147857b5c49bb3edf1a8a80a50,10dbbe16da06b4013899e350fece05687abc8c45471b584ac5a2473a0e486dad,/cephfs/volumes/hpc_data_prj/eng_demt_robot_learning/45908032-a3fa-4719-9989-cd8d04c08f7a/polymetics_demt/rebuttal_dataset/simulation_target_group/policy_rollouts/T06/videos/case_03_execution_0.mp4
T06,R,4,1,success,success,,0.025107,0.000314,0.000317,0,0,R,1,0.136298,9d034bb9fec6a4902694b6ac30174e03c7fdfd147857b5c49bb3edf1a8a80a50,10dbbe16da06b4013899e350fece05687abc8c45471b584ac5a2473a0e486dad,/cephfs/volumes/hpc_data_prj/eng_demt_robot_learning/45908032-a3fa-4719-9989-cd8d04c08f7a/polymetics_demt/rebuttal_dataset/simulation_target_group/policy_rollouts/T06/videos/case_04_execution_0.mp4
T06,R,5,0,policy_timeout,target_miss,policy_timeout;target_miss,4.062784,0.000393,1.417029,0,59,indeterminate,0,0.369469,9d034bb9fec6a4902694b6ac30174e03c7fdfd147857b5c49bb3edf1a8a80a50,10dbbe16da06b4013899e350fece05687abc8c45471b584ac5a2473a0e486dad,/cephfs/volumes/hpc_data_prj/eng_demt_robot_learning/45908032-a3fa-4719-9989-cd8d04c08f7a/polymetics_demt/rebuttal_dataset/simulation_target_group/policy_rollouts/T06/videos/case_05_execution_0.mp4
T06,R,6,1,success,success,,0.015805,3.2e-05,0.000393,0,0,R,1,0.169152,9d034bb9fec6a4902694b6ac30174e03c7fdfd147857b5c49bb3edf1a8a80a50,10dbbe16da06b4013899e350fece05687abc8c45471b584ac5a2473a0e486dad,/cephfs/volumes/hpc_data_prj/eng_demt_robot_learning/45908032-a3fa-4719-9989-cd8d04c08f7a/polymetics_demt/rebuttal_dataset/simulation_target_group/policy_rollouts/T06/videos/case_06_execution_0.mp4
T06,R,7,0,policy_timeout,cylinder_topple,cylinder_toppled;policy_timeout,0.009647,89.999999,90.049642,0,5,R,1,0.172298,9d034bb9fec6a4902694b6ac30174e03c7fdfd147857b5c49bb3edf1a8a80a50,10dbbe16da06b4013899e350fece05687abc8c45471b584ac5a2473a0e486dad,/cephfs/volumes/hpc_data_prj/eng_demt_robot_learning/45908032-a3fa-4719-9989-cd8d04c08f7a/polymetics_demt/rebuttal_dataset/simulation_target_group/policy_rollouts/T06/videos/case_07_execution_0.mp4
T06,R,8,1,success,success,,0.009711,0.000452,0.000495,0,0,R,1,0.136136,9d034bb9fec6a4902694b6ac30174e03c7fdfd147857b5c49bb3edf1a8a80a50,10dbbe16da06b4013899e350fece05687abc8c45471b584ac5a2473a0e486dad,/cephfs/volumes/hpc_data_prj/eng_demt_robot_learning/45908032-a3fa-4719-9989-cd8d04c08f7a/polymetics_demt/rebuttal_dataset/simulation_target_group/policy_rollouts/T06/videos/case_08_execution_0.mp4
T06,R,9,1,success,success,,0.0289,6.1e-05,0.000439,0,0,R,1,0.181832,9d034bb9fec6a4902694b6ac30174e03c7fdfd147857b5c49bb3edf1a8a80a50,10dbbe16da06b4013899e350fece05687abc8c45471b584ac5a2473a0e486dad,/cephfs/volumes/hpc_data_prj/eng_demt_robot_learning/45908032-a3fa-4719-9989-cd8d04c08f7a/polymetics_demt/rebuttal_dataset/simulation_target_group/policy_rollouts/T06/videos/case_09_execution_0.mp4
T07,R,0,0,policy_timeout,cylinder_topple,cylinder_toppled;policy_timeout;target_miss,1.114235,90.0,90.10863,0,178,R,1,0.301409,a8fa7bc5b3dfea9b632ef0510d28c9610472a5848ea58e19a6ddee3578142e6b,10dbbe16da06b4013899e350fece05687abc8c45471b584ac5a2473a0e486dad,/cephfs/volumes/hpc_data_prj/eng_demt_robot_learning/45908032-a3fa-4719-9989-cd8d04c08f7a/polymetics_demt/rebuttal_dataset/simulation_target_group/policy_rollouts/T07/videos/case_00_execution_0.mp4
T07,R,1,0,policy_timeout,cylinder_topple,cylinder_toppled;policy_timeout;target_miss,1.436128,90.000013,178.892888,0,1,R,1,0.195599,a8fa7bc5b3dfea9b632ef0510d28c9610472a5848ea58e19a6ddee3578142e6b,10dbbe16da06b4013899e350fece05687abc8c45471b584ac5a2473a0e486dad,/cephfs/volumes/hpc_data_prj/eng_demt_robot_learning/45908032-a3fa-4719-9989-cd8d04c08f7a/polymetics_demt/rebuttal_dataset/simulation_target_group/policy_rollouts/T07/videos/case_01_execution_0.mp4
T07,R,2,0,policy_timeout,target_miss,policy_timeout;target_miss,0.47695,0.000227,0.000495,0,53,indeterminate,0,0.230319,a8fa7bc5b3dfea9b632ef0510d28c9610472a5848ea58e19a6ddee3578142e6b,10dbbe16da06b4013899e350fece05687abc8c45471b584ac5a2473a0e486dad,/cephfs/volumes/hpc_data_prj/eng_demt_robot_learning/45908032-a3fa-4719-9989-cd8d04c08f7a/polymetics_demt/rebuttal_dataset/simulation_target_group/policy_rollouts/T07/videos/case_02_execution_0.mp4
T07,R,3,1,success,success,,0.008236,7.6e-05,0.000305,0,1,R,1,0.190341,a8fa7bc5b3dfea9b632ef0510d28c9610472a5848ea58e19a6ddee3578142e6b,10dbbe16da06b4013899e350fece05687abc8c45471b584ac5a2473a0e486dad,/cephfs/volumes/hpc_data_prj/eng_demt_robot_learning/45908032-a3fa-4719-9989-cd8d04c08f7a/polymetics_demt/rebuttal_dataset/simulation_target_group/policy_rollouts/T07/videos/case_03_execution_0.mp4
T07,R,4,1,success,success,,0.007087,2.3e-05,0.000396,0,0,R,1,0.150787,a8fa7bc5b3dfea9b632ef0510d28c9610472a5848ea58e19a6ddee3578142e6b,10dbbe16da06b4013899e350fece05687abc8c45471b584ac5a2473a0e486dad,/cephfs/volumes/hpc_data_prj/eng_demt_robot_learning/45908032-a3fa-4719-9989-cd8d04c08f7a/polymetics_demt/rebuttal_dataset/simulation_target_group/policy_rollouts/T07/videos/case_04_execution_0.mp4
T07,R,5,0,policy_timeout,cylinder_topple,cylinder_toppled;policy_timeout;target_miss,3.878977,89.99998,90.04855,0,2,R,1,0.369469,a8fa7bc5b3dfea9b632ef0510d28c9610472a5848ea58e19a6ddee3578142e6b,10dbbe16da06b4013899e350fece05687abc8c45471b584ac5a2473a0e486dad,/cephfs/volumes/hpc_data_prj/eng_demt_robot_learning/45908032-a3fa-4719-9989-cd8d04c08f7a/polymetics_demt/rebuttal_dataset/simulation_target_group/policy_rollouts/T07/videos/case_05_execution_0.mp4
T07,R,6,0,policy_timeout,target_miss,policy_timeout;target_miss,0.585069,0.000251,0.000495,0,0,R,1,0.173748,a8fa7bc5b3dfea9b632ef0510d28c9610472a5848ea58e19a6ddee3578142e6b,10dbbe16da06b4013899e350fece05687abc8c45471b584ac5a2473a0e486dad,/cephfs/volumes/hpc_data_prj/eng_demt_robot_learning/45908032-a3fa-4719-9989-cd8d04c08f7a/polymetics_demt/rebuttal_dataset/simulation_target_group/policy_rollouts/T07/videos/case_06_execution_0.mp4
T07,R,7,0,policy_timeout,cylinder_topple,cylinder_toppled;policy_timeout,0.011376,90.000054,179.023182,0,3,R,1,0.19044,a8fa7bc5b3dfea9b632ef0510d28c9610472a5848ea58e19a6ddee3578142e6b,10dbbe16da06b4013899e350fece05687abc8c45471b584ac5a2473a0e486dad,/cephfs/volumes/hpc_data_prj/eng_demt_robot_learning/45908032-a3fa-4719-9989-cd8d04c08f7a/polymetics_demt/rebuttal_dataset/simulation_target_group/policy_rollouts/T07/videos/case_07_execution_0.mp4
T07,R,8,0,policy_timeout,target_miss,policy_timeout;target_miss,0.11888,0.000261,0.000495,0,0,R,1,0.163554,a8fa7bc5b3dfea9b632ef0510d28c9610472a5848ea58e19a6ddee3578142e6b,10dbbe16da06b4013899e350fece05687abc8c45471b584ac5a2473a0e486dad,/cephfs/volumes/hpc_data_prj/eng_demt_robot_learning/45908032-a3fa-4719-9989-cd8d04c08f7a/polymetics_demt/rebuttal_dataset/simulation_target_group/policy_rollouts/T07/videos/case_08_execution_0.mp4
T07,R,9,1,success,success,,0.009248,4.3e-05,0.000343,0,2,R,1,0.194747,a8fa7bc5b3dfea9b632ef0510d28c9610472a5848ea58e19a6ddee3578142e6b,10dbbe16da06b4013899e350fece05687abc8c45471b584ac5a2473a0e486dad,/cephfs/volumes/hpc_data_prj/eng_demt_robot_learning/45908032-a3fa-4719-9989-cd8d04c08f7a/polymetics_demt/rebuttal_dataset/simulation_target_group/policy_rollouts/T07/videos/case_09_execution_0.mp4
T08,R,0,0,policy_timeout,cylinder_topple,cylinder_toppled;policy_timeout;target_miss,0.396443,89.999986,90.115775,3,55,indeterminate,0,0.164378,2ae11ef2d1d07f5e179eb737587876dd5eabf50103de9214e177361526f29cc0,10dbbe16da06b4013899e350fece05687abc8c45471b584ac5a2473a0e486dad,/cephfs/volumes/hpc_data_prj/eng_demt_robot_learning/45908032-a3fa-4719-9989-cd8d04c08f7a/polymetics_demt/rebuttal_dataset/simulation_target_group/policy_rollouts/T08/videos/case_00_execution_0.mp4
T08,R,1,1,success,success,,0.070486,0.000191,0.000495,0,0,R,1,0.194188,2ae11ef2d1d07f5e179eb737587876dd5eabf50103de9214e177361526f29cc0,10dbbe16da06b4013899e350fece05687abc8c45471b584ac5a2473a0e486dad,/cephfs/volumes/hpc_data_prj/eng_demt_robot_learning/45908032-a3fa-4719-9989-cd8d04c08f7a/polymetics_demt/rebuttal_dataset/simulation_target_group/policy_rollouts/T08/videos/case_01_execution_0.mp4
T08,R,2,0,policy_timeout,target_miss,policy_timeout;target_miss,0.361328,0.000312,0.000343,0,0,L,1,0.179187,2ae11ef2d1d07f5e179eb737587876dd5eabf50103de9214e177361526f29cc0,10dbbe16da06b4013899e350fece05687abc8c45471b584ac5a2473a0e486dad,/cephfs/volumes/hpc_data_prj/eng_demt_robot_learning/45908032-a3fa-4719-9989-cd8d04c08f7a/polymetics_demt/rebuttal_dataset/simulation_target_group/policy_rollouts/T08/videos/case_02_execution_0.mp4
T08,R,3,1,success,success,,0.011061,6.5e-05,0.000326,0,0,R,1,0.196974,2ae11ef2d1d07f5e179eb737587876dd5eabf50103de9214e177361526f29cc0,10dbbe16da06b4013899e350fece05687abc8c45471b584ac5a2473a0e486dad,/cephfs/volumes/hpc_data_prj/eng_demt_robot_learning/45908032-a3fa-4719-9989-cd8d04c08f7a/polymetics_demt/rebuttal_dataset/simulation_target_group/policy_rollouts/T08/videos/case_03_execution_0.mp4
T08,R,4,1,success,success,,0.019225,3.2e-05,0.000427,0,0,R,1,0.156555,2ae11ef2d1d07f5e179eb737587876dd5eabf50103de9214e177361526f29cc0,10dbbe16da06b4013899e350fece05687abc8c45471b584ac5a2473a0e486dad,/cephfs/volumes/hpc_data_prj/eng_demt_robot_learning/45908032-a3fa-4719-9989-cd8d04c08f7a/polymetics_demt/rebuttal_dataset/simulation_target_group/policy_rollouts/T08/videos/case_04_execution_0.mp4
T08,R,5,0,policy_timeout,target_miss,policy_timeout;target_miss,5.038089,0.000332,0.000434,0,55,indeterminate,0,0.369469,2ae11ef2d1d07f5e179eb737587876dd5eabf50103de9214e177361526f29cc0,10dbbe16da06b4013899e350fece05687abc8c45471b584ac5a2473a0e486dad,/cephfs/volumes/hpc_data_prj/eng_demt_robot_learning/45908032-a3fa-4719-9989-cd8d04c08f7a/polymetics_demt/rebuttal_dataset/simulation_target_group/policy_rollouts/T08/videos/case_05_execution_0.mp4
T08,R,6,1,success,success,,0.021364,4.5e-05,0.000337,0,0,R,1,0.201745,2ae11ef2d1d07f5e179eb737587876dd5eabf50103de9214e177361526f29cc0,10dbbe16da06b4013899e350fece05687abc8c45471b584ac5a2473a0e486dad,/cephfs/volumes/hpc_data_prj/eng_demt_robot_learning/45908032-a3fa-4719-9989-cd8d04c08f7a/polymetics_demt/rebuttal_dataset/simulation_target_group/policy_rollouts/T08/videos/case_06_execution_0.mp4
T08,R,7,1,success,success,,0.033253,7.3e-05,0.000338,0,0,R,1,0.193678,2ae11ef2d1d07f5e179eb737587876dd5eabf50103de9214e177361526f29cc0,10dbbe16da06b4013899e350fece05687abc8c45471b584ac5a2473a0e486dad,/cephfs/volumes/hpc_data_prj/eng_demt_robot_learning/45908032-a3fa-4719-9989-cd8d04c08f7a/polymetics_demt/rebuttal_dataset/simulation_target_group/policy_rollouts/T08/videos/case_07_execution_0.mp4
T08,R,8,1,success,success,,0.023487,3.9e-05,0.00036,0,0,R,1,0.167406,2ae11ef2d1d07f5e179eb737587876dd5eabf50103de9214e177361526f29cc0,10dbbe16da06b4013899e350fece05687abc8c45471b584ac5a2473a0e486dad,/cephfs/volumes/hpc_data_prj/eng_demt_robot_learning/45908032-a3fa-4719-9989-cd8d04c08f7a/polymetics_demt/rebuttal_dataset/simulation_target_group/policy_rollouts/T08/videos/case_08_execution_0.mp4
T08,R,9,1,success,success,,0.022144,0.0,0.000338,0,0,R,1,0.18352,2ae11ef2d1d07f5e179eb737587876dd5eabf50103de9214e177361526f29cc0,10dbbe16da06b4013899e350fece05687abc8c45471b584ac5a2473a0e486dad,/cephfs/volumes/hpc_data_prj/eng_demt_robot_learning/45908032-a3fa-4719-9989-cd8d04c08f7a/polymetics_demt/rebuttal_dataset/simulation_target_group/policy_rollouts/T08/videos/case_09_execution_0.mp4
T09,R,0,0,policy_timeout,target_miss,policy_timeout;target_miss,1.720969,0.000393,0.000495,0,61,indeterminate,0,0.301409,647484320c570144e1a1925d6b2fe1c5033120d68bf716560bb6517c11bd4c82,10dbbe16da06b4013899e350fece05687abc8c45471b584ac5a2473a0e486dad,/cephfs/volumes/hpc_data_prj/eng_demt_robot_learning/45908032-a3fa-4719-9989-cd8d04c08f7a/polymetics_demt/rebuttal_dataset/simulation_target_group/policy_rollouts/T09/videos/case_00_execution_0.mp4
T09,R,1,0,policy_timeout,cylinder_topple,cylinder_toppled;policy_timeout;target_miss,0.482624,90.0,108.284577,0,1,R,1,0.102364,647484320c570144e1a1925d6b2fe1c5033120d68bf716560bb6517c11bd4c82,10dbbe16da06b4013899e350fece05687abc8c45471b584ac5a2473a0e486dad,/cephfs/volumes/hpc_data_prj/eng_demt_robot_learning/45908032-a3fa-4719-9989-cd8d04c08f7a/polymetics_demt/rebuttal_dataset/simulation_target_group/policy_rollouts/T09/videos/case_01_execution_0.mp4
T09,R,2,0,policy_timeout,target_miss,policy_timeout;target_miss,0.46722,0.000355,0.000495,0,0,indeterminate,0,0.221055,647484320c570144e1a1925d6b2fe1c5033120d68bf716560bb6517c11bd4c82,10dbbe16da06b4013899e350fece05687abc8c45471b584ac5a2473a0e486dad,/cephfs/volumes/hpc_data_prj/eng_demt_robot_learning/45908032-a3fa-4719-9989-cd8d04c08f7a/polymetics_demt/rebuttal_dataset/simulation_target_group/policy_rollouts/T09/videos/case_02_execution_0.mp4
T09,R,3,1,success,success,,0.012127,7.9e-05,0.000379,0,0,R,1,0.194579,647484320c570144e1a1925d6b2fe1c5033120d68bf716560bb6517c11bd4c82,10dbbe16da06b4013899e350fece05687abc8c45471b584ac5a2473a0e486dad,/cephfs/volumes/hpc_data_prj/eng_demt_robot_learning/45908032-a3fa-4719-9989-cd8d04c08f7a/polymetics_demt/rebuttal_dataset/simulation_target_group/policy_rollouts/T09/videos/case_03_execution_0.mp4
T09,R,4,1,success,success,,0.014784,4e-05,0.000367,0,0,R,1,0.164937,647484320c570144e1a1925d6b2fe1c5033120d68bf716560bb6517c11bd4c82,10dbbe16da06b4013899e350fece05687abc8c45471b584ac5a2473a0e486dad,/cephfs/volumes/hpc_data_prj/eng_demt_robot_learning/45908032-a3fa-4719-9989-cd8d04c08f7a/polymetics_demt/rebuttal_dataset/simulation_target_group/policy_rollouts/T09/videos/case_04_execution_0.mp4
T09,R,5,0,policy_timeout,target_miss,policy_timeout;target_miss,6.306338,0.000351,0.000377,0,0,indeterminate,0,0.369469,647484320c570144e1a1925d6b2fe1c5033120d68bf716560bb6517c11bd4c82,10dbbe16da06b4013899e350fece05687abc8c45471b584ac5a2473a0e486dad,/cephfs/volumes/hpc_data_prj/eng_demt_robot_learning/45908032-a3fa-4719-9989-cd8d04c08f7a/polymetics_demt/rebuttal_dataset/simulation_target_group/policy_rollouts/T09/videos/case_05_execution_0.mp4
T09,R,6,1,success,success,,0.023423,7.2e-05,0.00037,0,0,R,1,0.201129,647484320c570144e1a1925d6b2fe1c5033120d68bf716560bb6517c11bd4c82,10dbbe16da06b4013899e350fece05687abc8c45471b584ac5a2473a0e486dad,/cephfs/volumes/hpc_data_prj/eng_demt_robot_learning/45908032-a3fa-4719-9989-cd8d04c08f7a/polymetics_demt/rebuttal_dataset/simulation_target_group/policy_rollouts/T09/videos/case_06_execution_0.mp4
T09,R,7,0,policy_timeout,cylinder_topple,cylinder_toppled;policy_timeout;target_miss,0.206847,90.0,90.106465,0,1,R,1,0.18916,647484320c570144e1a1925d6b2fe1c5033120d68bf716560bb6517c11bd4c82,10dbbe16da06b4013899e350fece05687abc8c45471b584ac5a2473a0e486dad,/cephfs/volumes/hpc_data_prj/eng_demt_robot_learning/45908032-a3fa-4719-9989-cd8d04c08f7a/polymetics_demt/rebuttal_dataset/simulation_target_group/policy_rollouts/T09/videos/case_07_execution_0.mp4
T09,R,8,1,success,success,,0.00674,6.1e-05,0.000495,0,0,R,1,0.175784,647484320c570144e1a1925d6b2fe1c5033120d68bf716560bb6517c11bd4c82,10dbbe16da06b4013899e350fece05687abc8c45471b584ac5a2473a0e486dad,/cephfs/volumes/hpc_data_prj/eng_demt_robot_learning/45908032-a3fa-4719-9989-cd8d04c08f7a/polymetics_demt/rebuttal_dataset/simulation_target_group/policy_rollouts/T09/videos/case_08_execution_0.mp4
T09,R,9,0,policy_timeout,cylinder_topple,cylinder_toppled;policy_timeout;target_miss,0.504697,90.0,175.112149,0,73,R,1,0.184763,647484320c570144e1a1925d6b2fe1c5033120d68bf716560bb6517c11bd4c82,10dbbe16da06b4013899e350fece05687abc8c45471b584ac5a2473a0e486dad,/cephfs/volumes/hpc_data_prj/eng_demt_robot_learning/45908032-a3fa-4719-9989-cd8d04c08f7a/polymetics_demt/rebuttal_dataset/simulation_target_group/policy_rollouts/T09/videos/case_09_execution_0.mp4
T10,R,0,0,policy_timeout,cylinder_topple,cylinder_toppled;policy_timeout;target_miss,0.754511,89.999989,90.111293,2,0,indeterminate,0,0.301409,64945112953fdf76f67b4506aac7e53fd4bdf01b5ba729d9e30e2f49b0e17e22,10dbbe16da06b4013899e350fece05687abc8c45471b584ac5a2473a0e486dad,/cephfs/volumes/hpc_data_prj/eng_demt_robot_learning/45908032-a3fa-4719-9989-cd8d04c08f7a/polymetics_demt/rebuttal_dataset/simulation_target_group/policy_rollouts/T10/videos/case_00_execution_0.mp4
T10,R,1,0,policy_timeout,target_miss,policy_timeout;target_miss,0.36183,8.1e-05,0.000495,0,0,L,1,0.126844,64945112953fdf76f67b4506aac7e53fd4bdf01b5ba729d9e30e2f49b0e17e22,10dbbe16da06b4013899e350fece05687abc8c45471b584ac5a2473a0e486dad,/cephfs/volumes/hpc_data_prj/eng_demt_robot_learning/45908032-a3fa-4719-9989-cd8d04c08f7a/polymetics_demt/rebuttal_dataset/simulation_target_group/policy_rollouts/T10/videos/case_01_execution_0.mp4
T10,R,2,0,policy_timeout,target_miss,policy_timeout;target_miss,0.564189,4.5e-05,0.000476,0,0,indeterminate,0,0.274544,64945112953fdf76f67b4506aac7e53fd4bdf01b5ba729d9e30e2f49b0e17e22,10dbbe16da06b4013899e350fece05687abc8c45471b584ac5a2473a0e486dad,/cephfs/volumes/hpc_data_prj/eng_demt_robot_learning/45908032-a3fa-4719-9989-cd8d04c08f7a/polymetics_demt/rebuttal_dataset/simulation_target_group/policy_rollouts/T10/videos/case_02_execution_0.mp4
T10,R,3,1,success,success,,0.004634,5e-05,0.000403,0,0,R,1,0.21089,64945112953fdf76f67b4506aac7e53fd4bdf01b5ba729d9e30e2f49b0e17e22,10dbbe16da06b4013899e350fece05687abc8c45471b584ac5a2473a0e486dad,/cephfs/volumes/hpc_data_prj/eng_demt_robot_learning/45908032-a3fa-4719-9989-cd8d04c08f7a/polymetics_demt/rebuttal_dataset/simulation_target_group/policy_rollouts/T10/videos/case_03_execution_0.mp4
T10,R,4,1,success,success,,0.001676,2.5e-05,0.000371,0,0,R,1,0.172366,64945112953fdf76f67b4506aac7e53fd4bdf01b5ba729d9e30e2f49b0e17e22,10dbbe16da06b4013899e350fece05687abc8c45471b584ac5a2473a0e486dad,/cephfs/volumes/hpc_data_prj/eng_demt_robot_learning/45908032-a3fa-4719-9989-cd8d04c08f7a/polymetics_demt/rebuttal_dataset/simulation_target_group/policy_rollouts/T10/videos/case_04_execution_0.mp4
T10,R,5,0,policy_timeout,target_miss,policy_timeout;target_miss,7.404121,3.8e-05,0.000398,0,0,indeterminate,0,0.369469,64945112953fdf76f67b4506aac7e53fd4bdf01b5ba729d9e30e2f49b0e17e22,10dbbe16da06b4013899e350fece05687abc8c45471b584ac5a2473a0e486dad,/cephfs/volumes/hpc_data_prj/eng_demt_robot_learning/45908032-a3fa-4719-9989-cd8d04c08f7a/polymetics_demt/rebuttal_dataset/simulation_target_group/policy_rollouts/T10/videos/case_05_execution_0.mp4
T10,R,6,1,success,success,,0.005143,5.2e-05,0.000397,0,0,R,1,0.205851,64945112953fdf76f67b4506aac7e53fd4bdf01b5ba729d9e30e2f49b0e17e22,10dbbe16da06b4013899e350fece05687abc8c45471b584ac5a2473a0e486dad,/cephfs/volumes/hpc_data_prj/eng_demt_robot_learning/45908032-a3fa-4719-9989-cd8d04c08f7a/polymetics_demt/rebuttal_dataset/simulation_target_group/policy_rollouts/T10/videos/case_06_execution_0.mp4
T10,R,7,0,policy_timeout,target_miss,policy_timeout;target_miss,0.506794,5.1e-05,0.000402,0,0,L,1,0.207955,64945112953fdf76f67b4506aac7e53fd4bdf01b5ba729d9e30e2f49b0e17e22,10dbbe16da06b4013899e350fece05687abc8c45471b584ac5a2473a0e486dad,/cephfs/volumes/hpc_data_prj/eng_demt_robot_learning/45908032-a3fa-4719-9989-cd8d04c08f7a/polymetics_demt/rebuttal_dataset/simulation_target_group/policy_rollouts/T10/videos/case_07_execution_0.mp4
T10,R,8,1,success,success,,0.011836,5.2e-05,0.000389,0,0,R,1,0.182436,64945112953fdf76f67b4506aac7e53fd4bdf01b5ba729d9e30e2f49b0e17e22,10dbbe16da06b4013899e350fece05687abc8c45471b584ac5a2473a0e486dad,/cephfs/volumes/hpc_data_prj/eng_demt_robot_learning/45908032-a3fa-4719-9989-cd8d04c08f7a/polymetics_demt/rebuttal_dataset/simulation_target_group/policy_rollouts/T10/videos/case_08_execution_0.mp4
T10,R,9,0,policy_timeout,target_miss,policy_timeout;target_miss,0.128299,7e-05,0.000403,0,0,R,1,0.190947,64945112953fdf76f67b4506aac7e53fd4bdf01b5ba729d9e30e2f49b0e17e22,10dbbe16da06b4013899e350fece05687abc8c45471b584ac5a2473a0e486dad,/cephfs/volumes/hpc_data_prj/eng_demt_robot_learning/45908032-a3fa-4719-9989-cd8d04c08f7a/polymetics_demt/rebuttal_dataset/simulation_target_group/policy_rollouts/T10/videos/case_09_execution_0.mp4
