realised_route,participant_id,eval_case_id,repeat_index,policy_sampling_seed,termination_reason,target_xy_error,video_path,formal_result_path
L,B01,4,1,20270848,success,0.030137,/cephfs/volumes/hpc_data_prj/eng_demt_robot_learning/45908032-a3fa-4719-9989-cd8d04c08f7a/polymetics_demt/rebuttal_dataset/simulation_bimodal_group/policy_rollouts/B01/videos/case_04_repeat_1_execution_0.mp4,/cephfs/volumes/hpc_data_prj/eng_demt_robot_learning/45908032-a3fa-4719-9989-cd8d04c08f7a/polymetics_demt/rebuttal_dataset/simulation_bimodal_group/policy_rollouts/B01/rollouts/rollout_case_04_repeat_1.json
L,B05,4,0,20310847,success,0.027593,/cephfs/volumes/hpc_data_prj/eng_demt_robot_learning/45908032-a3fa-4719-9989-cd8d04c08f7a/polymetics_demt/rebuttal_dataset/simulation_bimodal_group/policy_rollouts/B05/videos/case_04_repeat_0_execution_0.mp4,/cephfs/volumes/hpc_data_prj/eng_demt_robot_learning/45908032-a3fa-4719-9989-cd8d04c08f7a/polymetics_demt/rebuttal_dataset/simulation_bimodal_group/policy_rollouts/B05/rollouts/rollout_case_04_repeat_0.json
L,B05,4,1,20310848,success,0.012631,/cephfs/volumes/hpc_data_prj/eng_demt_robot_learning/45908032-a3fa-4719-9989-cd8d04c08f7a/polymetics_demt/rebuttal_dataset/simulation_bimodal_group/policy_rollouts/B05/videos/case_04_repeat_1_execution_0.mp4,/cephfs/volumes/hpc_data_prj/eng_demt_robot_learning/45908032-a3fa-4719-9989-cd8d04c08f7a/polymetics_demt/rebuttal_dataset/simulation_bimodal_group/policy_rollouts/B05/rollouts/rollout_case_04_repeat_1.json
L,B06,4,0,20320847,success,0.038364,/cephfs/volumes/hpc_data_prj/eng_demt_robot_learning/45908032-a3fa-4719-9989-cd8d04c08f7a/polymetics_demt/rebuttal_dataset/simulation_bimodal_group/policy_rollouts/B06/videos/case_04_repeat_0_execution_0.mp4,/cephfs/volumes/hpc_data_prj/eng_demt_robot_learning/45908032-a3fa-4719-9989-cd8d04c08f7a/polymetics_demt/rebuttal_dataset/simulation_bimodal_group/policy_rollouts/B06/rollouts/rollout_case_04_repeat_0.json
L,B06,6,1,20320868,success,0.016944,/cephfs/volumes/hpc_data_prj/eng_demt_robot_learning/45908032-a3fa-4719-9989-cd8d04c08f7a/polymetics_demt/rebuttal_dataset/simulation_bimodal_group/policy_rollouts/B06/videos/case_06_repeat_1_execution_0.mp4,/cephfs/volumes/hpc_data_prj/eng_demt_robot_learning/45908032-a3fa-4719-9989-cd8d04c08f7a/polymetics_demt/rebuttal_dataset/simulation_bimodal_group/policy_rollouts/B06/rollouts/rollout_case_06_repeat_1.json
L,B07,4,0,20330847,success,0.056964,/cephfs/volumes/hpc_data_prj/eng_demt_robot_learning/45908032-a3fa-4719-9989-cd8d04c08f7a/polymetics_demt/rebuttal_dataset/simulation_bimodal_group/policy_rollouts/B07/videos/case_04_repeat_0_execution_0.mp4,/cephfs/volumes/hpc_data_prj/eng_demt_robot_learning/45908032-a3fa-4719-9989-cd8d04c08f7a/polymetics_demt/rebuttal_dataset/simulation_bimodal_group/policy_rollouts/B07/rollouts/rollout_case_04_repeat_0.json
L,B07,4,1,20330848,success,0.049493,/cephfs/volumes/hpc_data_prj/eng_demt_robot_learning/45908032-a3fa-4719-9989-cd8d04c08f7a/polymetics_demt/rebuttal_dataset/simulation_bimodal_group/policy_rollouts/B07/videos/case_04_repeat_1_execution_0.mp4,/cephfs/volumes/hpc_data_prj/eng_demt_robot_learning/45908032-a3fa-4719-9989-cd8d04c08f7a/polymetics_demt/rebuttal_dataset/simulation_bimodal_group/policy_rollouts/B07/rollouts/rollout_case_04_repeat_1.json
L,B07,5,1,20330858,success,0.024083,/cephfs/volumes/hpc_data_prj/eng_demt_robot_learning/45908032-a3fa-4719-9989-cd8d04c08f7a/polymetics_demt/rebuttal_dataset/simulation_bimodal_group/policy_rollouts/B07/videos/case_05_repeat_1_execution_0.mp4,/cephfs/volumes/hpc_data_prj/eng_demt_robot_learning/45908032-a3fa-4719-9989-cd8d04c08f7a/polymetics_demt/rebuttal_dataset/simulation_bimodal_group/policy_rollouts/B07/rollouts/rollout_case_05_repeat_1.json
L,B07,6,1,20330868,success,0.042575,/cephfs/volumes/hpc_data_prj/eng_demt_robot_learning/45908032-a3fa-4719-9989-cd8d04c08f7a/polymetics_demt/rebuttal_dataset/simulation_bimodal_group/policy_rollouts/B07/videos/case_06_repeat_1_execution_0.mp4,/cephfs/volumes/hpc_data_prj/eng_demt_robot_learning/45908032-a3fa-4719-9989-cd8d04c08f7a/polymetics_demt/rebuttal_dataset/simulation_bimodal_group/policy_rollouts/B07/rollouts/rollout_case_06_repeat_1.json
L,B07,8,0,20330887,success,0.042338,/cephfs/volumes/hpc_data_prj/eng_demt_robot_learning/45908032-a3fa-4719-9989-cd8d04c08f7a/polymetics_demt/rebuttal_dataset/simulation_bimodal_group/policy_rollouts/B07/videos/case_08_repeat_0_execution_0.mp4,/cephfs/volumes/hpc_data_prj/eng_demt_robot_learning/45908032-a3fa-4719-9989-cd8d04c08f7a/polymetics_demt/rebuttal_dataset/simulation_bimodal_group/policy_rollouts/B07/rollouts/rollout_case_08_repeat_0.json
L,B07,8,1,20330888,success,0.03564,/cephfs/volumes/hpc_data_prj/eng_demt_robot_learning/45908032-a3fa-4719-9989-cd8d04c08f7a/polymetics_demt/rebuttal_dataset/simulation_bimodal_group/policy_rollouts/B07/videos/case_08_repeat_1_execution_0.mp4,/cephfs/volumes/hpc_data_prj/eng_demt_robot_learning/45908032-a3fa-4719-9989-cd8d04c08f7a/polymetics_demt/rebuttal_dataset/simulation_bimodal_group/policy_rollouts/B07/rollouts/rollout_case_08_repeat_1.json
L,B08,5,1,20340858,success,0.012779,/cephfs/volumes/hpc_data_prj/eng_demt_robot_learning/45908032-a3fa-4719-9989-cd8d04c08f7a/polymetics_demt/rebuttal_dataset/simulation_bimodal_group/policy_rollouts/B08/videos/case_05_repeat_1_execution_0.mp4,/cephfs/volumes/hpc_data_prj/eng_demt_robot_learning/45908032-a3fa-4719-9989-cd8d04c08f7a/polymetics_demt/rebuttal_dataset/simulation_bimodal_group/policy_rollouts/B08/rollouts/rollout_case_05_repeat_1.json
L,B08,8,0,20340887,success,0.06119,/cephfs/volumes/hpc_data_prj/eng_demt_robot_learning/45908032-a3fa-4719-9989-cd8d04c08f7a/polymetics_demt/rebuttal_dataset/simulation_bimodal_group/policy_rollouts/B08/videos/case_08_repeat_0_execution_0.mp4,/cephfs/volumes/hpc_data_prj/eng_demt_robot_learning/45908032-a3fa-4719-9989-cd8d04c08f7a/polymetics_demt/rebuttal_dataset/simulation_bimodal_group/policy_rollouts/B08/rollouts/rollout_case_08_repeat_0.json
L,B09,4,0,20350847,success,0.015535,/cephfs/volumes/hpc_data_prj/eng_demt_robot_learning/45908032-a3fa-4719-9989-cd8d04c08f7a/polymetics_demt/rebuttal_dataset/simulation_bimodal_group/policy_rollouts/B09/videos/case_04_repeat_0_execution_0.mp4,/cephfs/volumes/hpc_data_prj/eng_demt_robot_learning/45908032-a3fa-4719-9989-cd8d04c08f7a/polymetics_demt/rebuttal_dataset/simulation_bimodal_group/policy_rollouts/B09/rollouts/rollout_case_04_repeat_0.json
L,B09,4,1,20350848,success,0.031397,/cephfs/volumes/hpc_data_prj/eng_demt_robot_learning/45908032-a3fa-4719-9989-cd8d04c08f7a/polymetics_demt/rebuttal_dataset/simulation_bimodal_group/policy_rollouts/B09/videos/case_04_repeat_1_execution_0.mp4,/cephfs/volumes/hpc_data_prj/eng_demt_robot_learning/45908032-a3fa-4719-9989-cd8d04c08f7a/polymetics_demt/rebuttal_dataset/simulation_bimodal_group/policy_rollouts/B09/rollouts/rollout_case_04_repeat_1.json
L,B09,5,1,20350858,success,0.013065,/cephfs/volumes/hpc_data_prj/eng_demt_robot_learning/45908032-a3fa-4719-9989-cd8d04c08f7a/polymetics_demt/rebuttal_dataset/simulation_bimodal_group/policy_rollouts/B09/videos/case_05_repeat_1_execution_0.mp4,/cephfs/volumes/hpc_data_prj/eng_demt_robot_learning/45908032-a3fa-4719-9989-cd8d04c08f7a/polymetics_demt/rebuttal_dataset/simulation_bimodal_group/policy_rollouts/B09/rollouts/rollout_case_05_repeat_1.json
L,B09,8,1,20350888,success,0.041839,/cephfs/volumes/hpc_data_prj/eng_demt_robot_learning/45908032-a3fa-4719-9989-cd8d04c08f7a/polymetics_demt/rebuttal_dataset/simulation_bimodal_group/policy_rollouts/B09/videos/case_08_repeat_1_execution_0.mp4,/cephfs/volumes/hpc_data_prj/eng_demt_robot_learning/45908032-a3fa-4719-9989-cd8d04c08f7a/polymetics_demt/rebuttal_dataset/simulation_bimodal_group/policy_rollouts/B09/rollouts/rollout_case_08_repeat_1.json
L,B10,6,0,20360867,success,0.020823,/cephfs/volumes/hpc_data_prj/eng_demt_robot_learning/45908032-a3fa-4719-9989-cd8d04c08f7a/polymetics_demt/rebuttal_dataset/simulation_bimodal_group/policy_rollouts/B10/videos/case_06_repeat_0_execution_0.mp4,/cephfs/volumes/hpc_data_prj/eng_demt_robot_learning/45908032-a3fa-4719-9989-cd8d04c08f7a/polymetics_demt/rebuttal_dataset/simulation_bimodal_group/policy_rollouts/B10/rollouts/rollout_case_06_repeat_0.json
L,B10,8,0,20360887,success,0.04786,/cephfs/volumes/hpc_data_prj/eng_demt_robot_learning/45908032-a3fa-4719-9989-cd8d04c08f7a/polymetics_demt/rebuttal_dataset/simulation_bimodal_group/policy_rollouts/B10/videos/case_08_repeat_0_execution_0.mp4,/cephfs/volumes/hpc_data_prj/eng_demt_robot_learning/45908032-a3fa-4719-9989-cd8d04c08f7a/polymetics_demt/rebuttal_dataset/simulation_bimodal_group/policy_rollouts/B10/rollouts/rollout_case_08_repeat_0.json
L,B10,8,1,20360888,success,0.04781,/cephfs/volumes/hpc_data_prj/eng_demt_robot_learning/45908032-a3fa-4719-9989-cd8d04c08f7a/polymetics_demt/rebuttal_dataset/simulation_bimodal_group/policy_rollouts/B10/videos/case_08_repeat_1_execution_0.mp4,/cephfs/volumes/hpc_data_prj/eng_demt_robot_learning/45908032-a3fa-4719-9989-cd8d04c08f7a/polymetics_demt/rebuttal_dataset/simulation_bimodal_group/policy_rollouts/B10/rollouts/rollout_case_08_repeat_1.json
R,B01,1,0,20270817,success,0.024495,/cephfs/volumes/hpc_data_prj/eng_demt_robot_learning/45908032-a3fa-4719-9989-cd8d04c08f7a/polymetics_demt/rebuttal_dataset/simulation_bimodal_group/policy_rollouts/B01/videos/case_01_repeat_0_execution_0.mp4,/cephfs/volumes/hpc_data_prj/eng_demt_robot_learning/45908032-a3fa-4719-9989-cd8d04c08f7a/polymetics_demt/rebuttal_dataset/simulation_bimodal_group/policy_rollouts/B01/rollouts/rollout_case_01_repeat_0.json
R,B01,1,1,20270818,success,0.037254,/cephfs/volumes/hpc_data_prj/eng_demt_robot_learning/45908032-a3fa-4719-9989-cd8d04c08f7a/polymetics_demt/rebuttal_dataset/simulation_bimodal_group/policy_rollouts/B01/videos/case_01_repeat_1_execution_0.mp4,/cephfs/volumes/hpc_data_prj/eng_demt_robot_learning/45908032-a3fa-4719-9989-cd8d04c08f7a/polymetics_demt/rebuttal_dataset/simulation_bimodal_group/policy_rollouts/B01/rollouts/rollout_case_01_repeat_1.json
R,B01,7,0,20270877,success,0.075865,/cephfs/volumes/hpc_data_prj/eng_demt_robot_learning/45908032-a3fa-4719-9989-cd8d04c08f7a/polymetics_demt/rebuttal_dataset/simulation_bimodal_group/policy_rollouts/B01/videos/case_07_repeat_0_execution_0.mp4,/cephfs/volumes/hpc_data_prj/eng_demt_robot_learning/45908032-a3fa-4719-9989-cd8d04c08f7a/polymetics_demt/rebuttal_dataset/simulation_bimodal_group/policy_rollouts/B01/rollouts/rollout_case_07_repeat_0.json
R,B01,9,0,20270897,success,0.032414,/cephfs/volumes/hpc_data_prj/eng_demt_robot_learning/45908032-a3fa-4719-9989-cd8d04c08f7a/polymetics_demt/rebuttal_dataset/simulation_bimodal_group/policy_rollouts/B01/videos/case_09_repeat_0_execution_0.mp4,/cephfs/volumes/hpc_data_prj/eng_demt_robot_learning/45908032-a3fa-4719-9989-cd8d04c08f7a/polymetics_demt/rebuttal_dataset/simulation_bimodal_group/policy_rollouts/B01/rollouts/rollout_case_09_repeat_0.json
R,B01,9,1,20270898,success,0.034269,/cephfs/volumes/hpc_data_prj/eng_demt_robot_learning/45908032-a3fa-4719-9989-cd8d04c08f7a/polymetics_demt/rebuttal_dataset/simulation_bimodal_group/policy_rollouts/B01/videos/case_09_repeat_1_execution_0.mp4,/cephfs/volumes/hpc_data_prj/eng_demt_robot_learning/45908032-a3fa-4719-9989-cd8d04c08f7a/polymetics_demt/rebuttal_dataset/simulation_bimodal_group/policy_rollouts/B01/rollouts/rollout_case_09_repeat_1.json
R,B02,1,0,20280817,success,0.006668,/cephfs/volumes/hpc_data_prj/eng_demt_robot_learning/45908032-a3fa-4719-9989-cd8d04c08f7a/polymetics_demt/rebuttal_dataset/simulation_bimodal_group/policy_rollouts/B02/videos/case_01_repeat_0_execution_0.mp4,/cephfs/volumes/hpc_data_prj/eng_demt_robot_learning/45908032-a3fa-4719-9989-cd8d04c08f7a/polymetics_demt/rebuttal_dataset/simulation_bimodal_group/policy_rollouts/B02/rollouts/rollout_case_01_repeat_0.json
R,B02,1,1,20280818,success,0.008493,/cephfs/volumes/hpc_data_prj/eng_demt_robot_learning/45908032-a3fa-4719-9989-cd8d04c08f7a/polymetics_demt/rebuttal_dataset/simulation_bimodal_group/policy_rollouts/B02/videos/case_01_repeat_1_execution_0.mp4,/cephfs/volumes/hpc_data_prj/eng_demt_robot_learning/45908032-a3fa-4719-9989-cd8d04c08f7a/polymetics_demt/rebuttal_dataset/simulation_bimodal_group/policy_rollouts/B02/rollouts/rollout_case_01_repeat_1.json
R,B02,3,1,20280838,success,0.072342,/cephfs/volumes/hpc_data_prj/eng_demt_robot_learning/45908032-a3fa-4719-9989-cd8d04c08f7a/polymetics_demt/rebuttal_dataset/simulation_bimodal_group/policy_rollouts/B02/videos/case_03_repeat_1_execution_0.mp4,/cephfs/volumes/hpc_data_prj/eng_demt_robot_learning/45908032-a3fa-4719-9989-cd8d04c08f7a/polymetics_demt/rebuttal_dataset/simulation_bimodal_group/policy_rollouts/B02/rollouts/rollout_case_03_repeat_1.json
R,B02,4,1,20280848,success,0.014893,/cephfs/volumes/hpc_data_prj/eng_demt_robot_learning/45908032-a3fa-4719-9989-cd8d04c08f7a/polymetics_demt/rebuttal_dataset/simulation_bimodal_group/policy_rollouts/B02/videos/case_04_repeat_1_execution_0.mp4,/cephfs/volumes/hpc_data_prj/eng_demt_robot_learning/45908032-a3fa-4719-9989-cd8d04c08f7a/polymetics_demt/rebuttal_dataset/simulation_bimodal_group/policy_rollouts/B02/rollouts/rollout_case_04_repeat_1.json
R,B02,6,0,20280867,success,0.002441,/cephfs/volumes/hpc_data_prj/eng_demt_robot_learning/45908032-a3fa-4719-9989-cd8d04c08f7a/polymetics_demt/rebuttal_dataset/simulation_bimodal_group/policy_rollouts/B02/videos/case_06_repeat_0_execution_0.mp4,/cephfs/volumes/hpc_data_prj/eng_demt_robot_learning/45908032-a3fa-4719-9989-cd8d04c08f7a/polymetics_demt/rebuttal_dataset/simulation_bimodal_group/policy_rollouts/B02/rollouts/rollout_case_06_repeat_0.json
R,B02,6,1,20280868,success,0.003027,/cephfs/volumes/hpc_data_prj/eng_demt_robot_learning/45908032-a3fa-4719-9989-cd8d04c08f7a/polymetics_demt/rebuttal_dataset/simulation_bimodal_group/policy_rollouts/B02/videos/case_06_repeat_1_execution_0.mp4,/cephfs/volumes/hpc_data_prj/eng_demt_robot_learning/45908032-a3fa-4719-9989-cd8d04c08f7a/polymetics_demt/rebuttal_dataset/simulation_bimodal_group/policy_rollouts/B02/rollouts/rollout_case_06_repeat_1.json
R,B02,7,0,20280877,success,0.015404,/cephfs/volumes/hpc_data_prj/eng_demt_robot_learning/45908032-a3fa-4719-9989-cd8d04c08f7a/polymetics_demt/rebuttal_dataset/simulation_bimodal_group/policy_rollouts/B02/videos/case_07_repeat_0_execution_0.mp4,/cephfs/volumes/hpc_data_prj/eng_demt_robot_learning/45908032-a3fa-4719-9989-cd8d04c08f7a/polymetics_demt/rebuttal_dataset/simulation_bimodal_group/policy_rollouts/B02/rollouts/rollout_case_07_repeat_0.json
R,B02,8,0,20280887,success,0.020602,/cephfs/volumes/hpc_data_prj/eng_demt_robot_learning/45908032-a3fa-4719-9989-cd8d04c08f7a/polymetics_demt/rebuttal_dataset/simulation_bimodal_group/policy_rollouts/B02/videos/case_08_repeat_0_execution_0.mp4,/cephfs/volumes/hpc_data_prj/eng_demt_robot_learning/45908032-a3fa-4719-9989-cd8d04c08f7a/polymetics_demt/rebuttal_dataset/simulation_bimodal_group/policy_rollouts/B02/rollouts/rollout_case_08_repeat_0.json
R,B02,8,1,20280888,success,0.01514,/cephfs/volumes/hpc_data_prj/eng_demt_robot_learning/45908032-a3fa-4719-9989-cd8d04c08f7a/polymetics_demt/rebuttal_dataset/simulation_bimodal_group/policy_rollouts/B02/videos/case_08_repeat_1_execution_0.mp4,/cephfs/volumes/hpc_data_prj/eng_demt_robot_learning/45908032-a3fa-4719-9989-cd8d04c08f7a/polymetics_demt/rebuttal_dataset/simulation_bimodal_group/policy_rollouts/B02/rollouts/rollout_case_08_repeat_1.json
R,B02,9,0,20280897,success,0.011866,/cephfs/volumes/hpc_data_prj/eng_demt_robot_learning/45908032-a3fa-4719-9989-cd8d04c08f7a/polymetics_demt/rebuttal_dataset/simulation_bimodal_group/policy_rollouts/B02/videos/case_09_repeat_0_execution_0.mp4,/cephfs/volumes/hpc_data_prj/eng_demt_robot_learning/45908032-a3fa-4719-9989-cd8d04c08f7a/polymetics_demt/rebuttal_dataset/simulation_bimodal_group/policy_rollouts/B02/rollouts/rollout_case_09_repeat_0.json
R,B02,9,1,20280898,success,0.009899,/cephfs/volumes/hpc_data_prj/eng_demt_robot_learning/45908032-a3fa-4719-9989-cd8d04c08f7a/polymetics_demt/rebuttal_dataset/simulation_bimodal_group/policy_rollouts/B02/videos/case_09_repeat_1_execution_0.mp4,/cephfs/volumes/hpc_data_prj/eng_demt_robot_learning/45908032-a3fa-4719-9989-cd8d04c08f7a/polymetics_demt/rebuttal_dataset/simulation_bimodal_group/policy_rollouts/B02/rollouts/rollout_case_09_repeat_1.json
R,B03,1,1,20290818,success,0.02328,/cephfs/volumes/hpc_data_prj/eng_demt_robot_learning/45908032-a3fa-4719-9989-cd8d04c08f7a/polymetics_demt/rebuttal_dataset/simulation_bimodal_group/policy_rollouts/B03/videos/case_01_repeat_1_execution_0.mp4,/cephfs/volumes/hpc_data_prj/eng_demt_robot_learning/45908032-a3fa-4719-9989-cd8d04c08f7a/polymetics_demt/rebuttal_dataset/simulation_bimodal_group/policy_rollouts/B03/rollouts/rollout_case_01_repeat_1.json
R,B03,3,0,20290837,success,0.027738,/cephfs/volumes/hpc_data_prj/eng_demt_robot_learning/45908032-a3fa-4719-9989-cd8d04c08f7a/polymetics_demt/rebuttal_dataset/simulation_bimodal_group/policy_rollouts/B03/videos/case_03_repeat_0_execution_0.mp4,/cephfs/volumes/hpc_data_prj/eng_demt_robot_learning/45908032-a3fa-4719-9989-cd8d04c08f7a/polymetics_demt/rebuttal_dataset/simulation_bimodal_group/policy_rollouts/B03/rollouts/rollout_case_03_repeat_0.json
R,B03,3,1,20290838,success,0.012055,/cephfs/volumes/hpc_data_prj/eng_demt_robot_learning/45908032-a3fa-4719-9989-cd8d04c08f7a/polymetics_demt/rebuttal_dataset/simulation_bimodal_group/policy_rollouts/B03/videos/case_03_repeat_1_execution_0.mp4,/cephfs/volumes/hpc_data_prj/eng_demt_robot_learning/45908032-a3fa-4719-9989-cd8d04c08f7a/polymetics_demt/rebuttal_dataset/simulation_bimodal_group/policy_rollouts/B03/rollouts/rollout_case_03_repeat_1.json
R,B03,4,1,20290848,success,0.010364,/cephfs/volumes/hpc_data_prj/eng_demt_robot_learning/45908032-a3fa-4719-9989-cd8d04c08f7a/polymetics_demt/rebuttal_dataset/simulation_bimodal_group/policy_rollouts/B03/videos/case_04_repeat_1_execution_0.mp4,/cephfs/volumes/hpc_data_prj/eng_demt_robot_learning/45908032-a3fa-4719-9989-cd8d04c08f7a/polymetics_demt/rebuttal_dataset/simulation_bimodal_group/policy_rollouts/B03/rollouts/rollout_case_04_repeat_1.json
R,B03,6,0,20290867,success,0.005838,/cephfs/volumes/hpc_data_prj/eng_demt_robot_learning/45908032-a3fa-4719-9989-cd8d04c08f7a/polymetics_demt/rebuttal_dataset/simulation_bimodal_group/policy_rollouts/B03/videos/case_06_repeat_0_execution_0.mp4,/cephfs/volumes/hpc_data_prj/eng_demt_robot_learning/45908032-a3fa-4719-9989-cd8d04c08f7a/polymetics_demt/rebuttal_dataset/simulation_bimodal_group/policy_rollouts/B03/rollouts/rollout_case_06_repeat_0.json
R,B03,6,1,20290868,success,0.019291,/cephfs/volumes/hpc_data_prj/eng_demt_robot_learning/45908032-a3fa-4719-9989-cd8d04c08f7a/polymetics_demt/rebuttal_dataset/simulation_bimodal_group/policy_rollouts/B03/videos/case_06_repeat_1_execution_0.mp4,/cephfs/volumes/hpc_data_prj/eng_demt_robot_learning/45908032-a3fa-4719-9989-cd8d04c08f7a/polymetics_demt/rebuttal_dataset/simulation_bimodal_group/policy_rollouts/B03/rollouts/rollout_case_06_repeat_1.json
R,B03,7,0,20290877,success,0.043424,/cephfs/volumes/hpc_data_prj/eng_demt_robot_learning/45908032-a3fa-4719-9989-cd8d04c08f7a/polymetics_demt/rebuttal_dataset/simulation_bimodal_group/policy_rollouts/B03/videos/case_07_repeat_0_execution_0.mp4,/cephfs/volumes/hpc_data_prj/eng_demt_robot_learning/45908032-a3fa-4719-9989-cd8d04c08f7a/polymetics_demt/rebuttal_dataset/simulation_bimodal_group/policy_rollouts/B03/rollouts/rollout_case_07_repeat_0.json
R,B03,7,1,20290878,success,0.0087,/cephfs/volumes/hpc_data_prj/eng_demt_robot_learning/45908032-a3fa-4719-9989-cd8d04c08f7a/polymetics_demt/rebuttal_dataset/simulation_bimodal_group/policy_rollouts/B03/videos/case_07_repeat_1_execution_0.mp4,/cephfs/volumes/hpc_data_prj/eng_demt_robot_learning/45908032-a3fa-4719-9989-cd8d04c08f7a/polymetics_demt/rebuttal_dataset/simulation_bimodal_group/policy_rollouts/B03/rollouts/rollout_case_07_repeat_1.json
R,B03,8,0,20290887,success,0.05763,/cephfs/volumes/hpc_data_prj/eng_demt_robot_learning/45908032-a3fa-4719-9989-cd8d04c08f7a/polymetics_demt/rebuttal_dataset/simulation_bimodal_group/policy_rollouts/B03/videos/case_08_repeat_0_execution_0.mp4,/cephfs/volumes/hpc_data_prj/eng_demt_robot_learning/45908032-a3fa-4719-9989-cd8d04c08f7a/polymetics_demt/rebuttal_dataset/simulation_bimodal_group/policy_rollouts/B03/rollouts/rollout_case_08_repeat_0.json
R,B03,8,1,20290888,success,0.061013,/cephfs/volumes/hpc_data_prj/eng_demt_robot_learning/45908032-a3fa-4719-9989-cd8d04c08f7a/polymetics_demt/rebuttal_dataset/simulation_bimodal_group/policy_rollouts/B03/videos/case_08_repeat_1_execution_0.mp4,/cephfs/volumes/hpc_data_prj/eng_demt_robot_learning/45908032-a3fa-4719-9989-cd8d04c08f7a/polymetics_demt/rebuttal_dataset/simulation_bimodal_group/policy_rollouts/B03/rollouts/rollout_case_08_repeat_1.json
R,B03,9,1,20290898,success,0.02387,/cephfs/volumes/hpc_data_prj/eng_demt_robot_learning/45908032-a3fa-4719-9989-cd8d04c08f7a/polymetics_demt/rebuttal_dataset/simulation_bimodal_group/policy_rollouts/B03/videos/case_09_repeat_1_execution_0.mp4,/cephfs/volumes/hpc_data_prj/eng_demt_robot_learning/45908032-a3fa-4719-9989-cd8d04c08f7a/polymetics_demt/rebuttal_dataset/simulation_bimodal_group/policy_rollouts/B03/rollouts/rollout_case_09_repeat_1.json
R,B04,4,0,20300847,success,0.013717,/cephfs/volumes/hpc_data_prj/eng_demt_robot_learning/45908032-a3fa-4719-9989-cd8d04c08f7a/polymetics_demt/rebuttal_dataset/simulation_bimodal_group/policy_rollouts/B04/videos/case_04_repeat_0_execution_0.mp4,/cephfs/volumes/hpc_data_prj/eng_demt_robot_learning/45908032-a3fa-4719-9989-cd8d04c08f7a/polymetics_demt/rebuttal_dataset/simulation_bimodal_group/policy_rollouts/B04/rollouts/rollout_case_04_repeat_0.json
R,B04,6,0,20300867,success,0.021775,/cephfs/volumes/hpc_data_prj/eng_demt_robot_learning/45908032-a3fa-4719-9989-cd8d04c08f7a/polymetics_demt/rebuttal_dataset/simulation_bimodal_group/policy_rollouts/B04/videos/case_06_repeat_0_execution_0.mp4,/cephfs/volumes/hpc_data_prj/eng_demt_robot_learning/45908032-a3fa-4719-9989-cd8d04c08f7a/polymetics_demt/rebuttal_dataset/simulation_bimodal_group/policy_rollouts/B04/rollouts/rollout_case_06_repeat_0.json
R,B04,6,1,20300868,success,0.008641,/cephfs/volumes/hpc_data_prj/eng_demt_robot_learning/45908032-a3fa-4719-9989-cd8d04c08f7a/polymetics_demt/rebuttal_dataset/simulation_bimodal_group/policy_rollouts/B04/videos/case_06_repeat_1_execution_0.mp4,/cephfs/volumes/hpc_data_prj/eng_demt_robot_learning/45908032-a3fa-4719-9989-cd8d04c08f7a/polymetics_demt/rebuttal_dataset/simulation_bimodal_group/policy_rollouts/B04/rollouts/rollout_case_06_repeat_1.json
R,B04,8,0,20300887,success,0.027391,/cephfs/volumes/hpc_data_prj/eng_demt_robot_learning/45908032-a3fa-4719-9989-cd8d04c08f7a/polymetics_demt/rebuttal_dataset/simulation_bimodal_group/policy_rollouts/B04/videos/case_08_repeat_0_execution_0.mp4,/cephfs/volumes/hpc_data_prj/eng_demt_robot_learning/45908032-a3fa-4719-9989-cd8d04c08f7a/polymetics_demt/rebuttal_dataset/simulation_bimodal_group/policy_rollouts/B04/rollouts/rollout_case_08_repeat_0.json
R,B04,9,1,20300898,success,0.033071,/cephfs/volumes/hpc_data_prj/eng_demt_robot_learning/45908032-a3fa-4719-9989-cd8d04c08f7a/polymetics_demt/rebuttal_dataset/simulation_bimodal_group/policy_rollouts/B04/videos/case_09_repeat_1_execution_0.mp4,/cephfs/volumes/hpc_data_prj/eng_demt_robot_learning/45908032-a3fa-4719-9989-cd8d04c08f7a/polymetics_demt/rebuttal_dataset/simulation_bimodal_group/policy_rollouts/B04/rollouts/rollout_case_09_repeat_1.json
R,B05,3,0,20310837,success,0.09137,/cephfs/volumes/hpc_data_prj/eng_demt_robot_learning/45908032-a3fa-4719-9989-cd8d04c08f7a/polymetics_demt/rebuttal_dataset/simulation_bimodal_group/policy_rollouts/B05/videos/case_03_repeat_0_execution_0.mp4,/cephfs/volumes/hpc_data_prj/eng_demt_robot_learning/45908032-a3fa-4719-9989-cd8d04c08f7a/polymetics_demt/rebuttal_dataset/simulation_bimodal_group/policy_rollouts/B05/rollouts/rollout_case_03_repeat_0.json
R,B05,6,1,20310868,success,0.016134,/cephfs/volumes/hpc_data_prj/eng_demt_robot_learning/45908032-a3fa-4719-9989-cd8d04c08f7a/polymetics_demt/rebuttal_dataset/simulation_bimodal_group/policy_rollouts/B05/videos/case_06_repeat_1_execution_0.mp4,/cephfs/volumes/hpc_data_prj/eng_demt_robot_learning/45908032-a3fa-4719-9989-cd8d04c08f7a/polymetics_demt/rebuttal_dataset/simulation_bimodal_group/policy_rollouts/B05/rollouts/rollout_case_06_repeat_1.json
R,B05,7,0,20310877,success,0.013261,/cephfs/volumes/hpc_data_prj/eng_demt_robot_learning/45908032-a3fa-4719-9989-cd8d04c08f7a/polymetics_demt/rebuttal_dataset/simulation_bimodal_group/policy_rollouts/B05/videos/case_07_repeat_0_execution_0.mp4,/cephfs/volumes/hpc_data_prj/eng_demt_robot_learning/45908032-a3fa-4719-9989-cd8d04c08f7a/polymetics_demt/rebuttal_dataset/simulation_bimodal_group/policy_rollouts/B05/rollouts/rollout_case_07_repeat_0.json
R,B05,8,0,20310887,success,0.017586,/cephfs/volumes/hpc_data_prj/eng_demt_robot_learning/45908032-a3fa-4719-9989-cd8d04c08f7a/polymetics_demt/rebuttal_dataset/simulation_bimodal_group/policy_rollouts/B05/videos/case_08_repeat_0_execution_0.mp4,/cephfs/volumes/hpc_data_prj/eng_demt_robot_learning/45908032-a3fa-4719-9989-cd8d04c08f7a/polymetics_demt/rebuttal_dataset/simulation_bimodal_group/policy_rollouts/B05/rollouts/rollout_case_08_repeat_0.json
R,B06,1,1,20320818,success,0.033034,/cephfs/volumes/hpc_data_prj/eng_demt_robot_learning/45908032-a3fa-4719-9989-cd8d04c08f7a/polymetics_demt/rebuttal_dataset/simulation_bimodal_group/policy_rollouts/B06/videos/case_01_repeat_1_execution_0.mp4,/cephfs/volumes/hpc_data_prj/eng_demt_robot_learning/45908032-a3fa-4719-9989-cd8d04c08f7a/polymetics_demt/rebuttal_dataset/simulation_bimodal_group/policy_rollouts/B06/rollouts/rollout_case_01_repeat_1.json
R,B06,8,1,20320888,success,0.024326,/cephfs/volumes/hpc_data_prj/eng_demt_robot_learning/45908032-a3fa-4719-9989-cd8d04c08f7a/polymetics_demt/rebuttal_dataset/simulation_bimodal_group/policy_rollouts/B06/videos/case_08_repeat_1_execution_0.mp4,/cephfs/volumes/hpc_data_prj/eng_demt_robot_learning/45908032-a3fa-4719-9989-cd8d04c08f7a/polymetics_demt/rebuttal_dataset/simulation_bimodal_group/policy_rollouts/B06/rollouts/rollout_case_08_repeat_1.json
R,B07,9,0,20330897,success,0.027844,/cephfs/volumes/hpc_data_prj/eng_demt_robot_learning/45908032-a3fa-4719-9989-cd8d04c08f7a/polymetics_demt/rebuttal_dataset/simulation_bimodal_group/policy_rollouts/B07/videos/case_09_repeat_0_execution_0.mp4,/cephfs/volumes/hpc_data_prj/eng_demt_robot_learning/45908032-a3fa-4719-9989-cd8d04c08f7a/polymetics_demt/rebuttal_dataset/simulation_bimodal_group/policy_rollouts/B07/rollouts/rollout_case_09_repeat_0.json
R,B08,1,0,20340817,success,0.071681,/cephfs/volumes/hpc_data_prj/eng_demt_robot_learning/45908032-a3fa-4719-9989-cd8d04c08f7a/polymetics_demt/rebuttal_dataset/simulation_bimodal_group/policy_rollouts/B08/videos/case_01_repeat_0_execution_0.mp4,/cephfs/volumes/hpc_data_prj/eng_demt_robot_learning/45908032-a3fa-4719-9989-cd8d04c08f7a/polymetics_demt/rebuttal_dataset/simulation_bimodal_group/policy_rollouts/B08/rollouts/rollout_case_01_repeat_0.json
R,B08,3,1,20340838,success,0.011517,/cephfs/volumes/hpc_data_prj/eng_demt_robot_learning/45908032-a3fa-4719-9989-cd8d04c08f7a/polymetics_demt/rebuttal_dataset/simulation_bimodal_group/policy_rollouts/B08/videos/case_03_repeat_1_execution_0.mp4,/cephfs/volumes/hpc_data_prj/eng_demt_robot_learning/45908032-a3fa-4719-9989-cd8d04c08f7a/polymetics_demt/rebuttal_dataset/simulation_bimodal_group/policy_rollouts/B08/rollouts/rollout_case_03_repeat_1.json
R,B08,4,0,20340847,success,0.021407,/cephfs/volumes/hpc_data_prj/eng_demt_robot_learning/45908032-a3fa-4719-9989-cd8d04c08f7a/polymetics_demt/rebuttal_dataset/simulation_bimodal_group/policy_rollouts/B08/videos/case_04_repeat_0_execution_0.mp4,/cephfs/volumes/hpc_data_prj/eng_demt_robot_learning/45908032-a3fa-4719-9989-cd8d04c08f7a/polymetics_demt/rebuttal_dataset/simulation_bimodal_group/policy_rollouts/B08/rollouts/rollout_case_04_repeat_0.json
R,B08,6,0,20340867,success,0.010025,/cephfs/volumes/hpc_data_prj/eng_demt_robot_learning/45908032-a3fa-4719-9989-cd8d04c08f7a/polymetics_demt/rebuttal_dataset/simulation_bimodal_group/policy_rollouts/B08/videos/case_06_repeat_0_execution_0.mp4,/cephfs/volumes/hpc_data_prj/eng_demt_robot_learning/45908032-a3fa-4719-9989-cd8d04c08f7a/polymetics_demt/rebuttal_dataset/simulation_bimodal_group/policy_rollouts/B08/rollouts/rollout_case_06_repeat_0.json
R,B09,1,1,20350818,success,0.007254,/cephfs/volumes/hpc_data_prj/eng_demt_robot_learning/45908032-a3fa-4719-9989-cd8d04c08f7a/polymetics_demt/rebuttal_dataset/simulation_bimodal_group/policy_rollouts/B09/videos/case_01_repeat_1_execution_0.mp4,/cephfs/volumes/hpc_data_prj/eng_demt_robot_learning/45908032-a3fa-4719-9989-cd8d04c08f7a/polymetics_demt/rebuttal_dataset/simulation_bimodal_group/policy_rollouts/B09/rollouts/rollout_case_01_repeat_1.json
R,B09,6,0,20350867,success,0.014948,/cephfs/volumes/hpc_data_prj/eng_demt_robot_learning/45908032-a3fa-4719-9989-cd8d04c08f7a/polymetics_demt/rebuttal_dataset/simulation_bimodal_group/policy_rollouts/B09/videos/case_06_repeat_0_execution_0.mp4,/cephfs/volumes/hpc_data_prj/eng_demt_robot_learning/45908032-a3fa-4719-9989-cd8d04c08f7a/polymetics_demt/rebuttal_dataset/simulation_bimodal_group/policy_rollouts/B09/rollouts/rollout_case_06_repeat_0.json
R,B09,6,1,20350868,success,0.011178,/cephfs/volumes/hpc_data_prj/eng_demt_robot_learning/45908032-a3fa-4719-9989-cd8d04c08f7a/polymetics_demt/rebuttal_dataset/simulation_bimodal_group/policy_rollouts/B09/videos/case_06_repeat_1_execution_0.mp4,/cephfs/volumes/hpc_data_prj/eng_demt_robot_learning/45908032-a3fa-4719-9989-cd8d04c08f7a/polymetics_demt/rebuttal_dataset/simulation_bimodal_group/policy_rollouts/B09/rollouts/rollout_case_06_repeat_1.json
R,B09,7,0,20350877,success,0.034304,/cephfs/volumes/hpc_data_prj/eng_demt_robot_learning/45908032-a3fa-4719-9989-cd8d04c08f7a/polymetics_demt/rebuttal_dataset/simulation_bimodal_group/policy_rollouts/B09/videos/case_07_repeat_0_execution_0.mp4,/cephfs/volumes/hpc_data_prj/eng_demt_robot_learning/45908032-a3fa-4719-9989-cd8d04c08f7a/polymetics_demt/rebuttal_dataset/simulation_bimodal_group/policy_rollouts/B09/rollouts/rollout_case_07_repeat_0.json
R,B09,8,0,20350887,success,0.036227,/cephfs/volumes/hpc_data_prj/eng_demt_robot_learning/45908032-a3fa-4719-9989-cd8d04c08f7a/polymetics_demt/rebuttal_dataset/simulation_bimodal_group/policy_rollouts/B09/videos/case_08_repeat_0_execution_0.mp4,/cephfs/volumes/hpc_data_prj/eng_demt_robot_learning/45908032-a3fa-4719-9989-cd8d04c08f7a/polymetics_demt/rebuttal_dataset/simulation_bimodal_group/policy_rollouts/B09/rollouts/rollout_case_08_repeat_0.json
R,B09,9,0,20350897,success,0.011294,/cephfs/volumes/hpc_data_prj/eng_demt_robot_learning/45908032-a3fa-4719-9989-cd8d04c08f7a/polymetics_demt/rebuttal_dataset/simulation_bimodal_group/policy_rollouts/B09/videos/case_09_repeat_0_execution_0.mp4,/cephfs/volumes/hpc_data_prj/eng_demt_robot_learning/45908032-a3fa-4719-9989-cd8d04c08f7a/polymetics_demt/rebuttal_dataset/simulation_bimodal_group/policy_rollouts/B09/rollouts/rollout_case_09_repeat_0.json
R,B09,9,1,20350898,success,0.025064,/cephfs/volumes/hpc_data_prj/eng_demt_robot_learning/45908032-a3fa-4719-9989-cd8d04c08f7a/polymetics_demt/rebuttal_dataset/simulation_bimodal_group/policy_rollouts/B09/videos/case_09_repeat_1_execution_0.mp4,/cephfs/volumes/hpc_data_prj/eng_demt_robot_learning/45908032-a3fa-4719-9989-cd8d04c08f7a/polymetics_demt/rebuttal_dataset/simulation_bimodal_group/policy_rollouts/B09/rollouts/rollout_case_09_repeat_1.json
R,B10,4,1,20360848,success,0.006517,/cephfs/volumes/hpc_data_prj/eng_demt_robot_learning/45908032-a3fa-4719-9989-cd8d04c08f7a/polymetics_demt/rebuttal_dataset/simulation_bimodal_group/policy_rollouts/B10/videos/case_04_repeat_1_execution_0.mp4,/cephfs/volumes/hpc_data_prj/eng_demt_robot_learning/45908032-a3fa-4719-9989-cd8d04c08f7a/polymetics_demt/rebuttal_dataset/simulation_bimodal_group/policy_rollouts/B10/rollouts/rollout_case_04_repeat_1.json
R,B10,6,1,20360868,success,0.015405,/cephfs/volumes/hpc_data_prj/eng_demt_robot_learning/45908032-a3fa-4719-9989-cd8d04c08f7a/polymetics_demt/rebuttal_dataset/simulation_bimodal_group/policy_rollouts/B10/videos/case_06_repeat_1_execution_0.mp4,/cephfs/volumes/hpc_data_prj/eng_demt_robot_learning/45908032-a3fa-4719-9989-cd8d04c08f7a/polymetics_demt/rebuttal_dataset/simulation_bimodal_group/policy_rollouts/B10/rollouts/rollout_case_06_repeat_1.json
R,B10,9,0,20360897,success,0.010689,/cephfs/volumes/hpc_data_prj/eng_demt_robot_learning/45908032-a3fa-4719-9989-cd8d04c08f7a/polymetics_demt/rebuttal_dataset/simulation_bimodal_group/policy_rollouts/B10/videos/case_09_repeat_0_execution_0.mp4,/cephfs/volumes/hpc_data_prj/eng_demt_robot_learning/45908032-a3fa-4719-9989-cd8d04c08f7a/polymetics_demt/rebuttal_dataset/simulation_bimodal_group/policy_rollouts/B10/rollouts/rollout_case_09_repeat_0.json
