participant_id,participant_route,eval_case_id,success,termination_reason,primary_failure,failure_labels,target_xy_error,final_cylinder_tilt_degrees,maximum_cylinder_tilt_degrees,box_obstacle_contact_steps,robot_obstacle_contact_steps,realised_route,minimum_box_cylinder_xy_distance,checkpoint_sha256,paired_manifest_sha256,video_path
C01,L,0,0,policy_timeout,target_miss,policy_timeout;target_miss,3.194804,0.000261,0.000495,0,0,indeterminate,0.301409,3d7061912ad1e829e949ec6e2447bb225d9c41572b73c80abacf884f32c9ba98,10dbbe16da06b4013899e350fece05687abc8c45471b584ac5a2473a0e486dad,/cephfs/volumes/hpc_data_prj/eng_demt_robot_learning/45908032-a3fa-4719-9989-cd8d04c08f7a/polymetics_demt/rebuttal_dataset/simulation_control_group/policy_rollouts/C01/videos/case_00_execution_0.mp4
C01,L,1,0,policy_timeout,cylinder_topple,cylinder_toppled;policy_timeout,0.018502,90.0,90.065598,60,10769,L,0.092209,3d7061912ad1e829e949ec6e2447bb225d9c41572b73c80abacf884f32c9ba98,10dbbe16da06b4013899e350fece05687abc8c45471b584ac5a2473a0e486dad,/cephfs/volumes/hpc_data_prj/eng_demt_robot_learning/45908032-a3fa-4719-9989-cd8d04c08f7a/polymetics_demt/rebuttal_dataset/simulation_control_group/policy_rollouts/C01/videos/case_01_execution_0.mp4
C01,L,2,0,policy_timeout,target_miss,policy_timeout;target_miss,0.501593,0.000323,0.000495,0,0,L,0.279975,3d7061912ad1e829e949ec6e2447bb225d9c41572b73c80abacf884f32c9ba98,10dbbe16da06b4013899e350fece05687abc8c45471b584ac5a2473a0e486dad,/cephfs/volumes/hpc_data_prj/eng_demt_robot_learning/45908032-a3fa-4719-9989-cd8d04c08f7a/polymetics_demt/rebuttal_dataset/simulation_control_group/policy_rollouts/C01/videos/case_02_execution_0.mp4
C01,L,3,1,success,success,,0.006048,0.0,0.000333,0,0,L,0.148065,3d7061912ad1e829e949ec6e2447bb225d9c41572b73c80abacf884f32c9ba98,10dbbe16da06b4013899e350fece05687abc8c45471b584ac5a2473a0e486dad,/cephfs/volumes/hpc_data_prj/eng_demt_robot_learning/45908032-a3fa-4719-9989-cd8d04c08f7a/polymetics_demt/rebuttal_dataset/simulation_control_group/policy_rollouts/C01/videos/case_03_execution_0.mp4
C01,L,4,1,success,success,,0.032241,0.000366,0.000366,0,0,L,0.198715,3d7061912ad1e829e949ec6e2447bb225d9c41572b73c80abacf884f32c9ba98,10dbbe16da06b4013899e350fece05687abc8c45471b584ac5a2473a0e486dad,/cephfs/volumes/hpc_data_prj/eng_demt_robot_learning/45908032-a3fa-4719-9989-cd8d04c08f7a/polymetics_demt/rebuttal_dataset/simulation_control_group/policy_rollouts/C01/videos/case_04_execution_0.mp4
C01,L,5,1,success,success,,0.008291,0.000205,0.000366,0,0,L,0.179354,3d7061912ad1e829e949ec6e2447bb225d9c41572b73c80abacf884f32c9ba98,10dbbe16da06b4013899e350fece05687abc8c45471b584ac5a2473a0e486dad,/cephfs/volumes/hpc_data_prj/eng_demt_robot_learning/45908032-a3fa-4719-9989-cd8d04c08f7a/polymetics_demt/rebuttal_dataset/simulation_control_group/policy_rollouts/C01/videos/case_05_execution_0.mp4
C01,L,6,0,policy_timeout,target_miss,policy_timeout;target_miss,0.273741,0.000311,0.000334,0,0,L,0.18148,3d7061912ad1e829e949ec6e2447bb225d9c41572b73c80abacf884f32c9ba98,10dbbe16da06b4013899e350fece05687abc8c45471b584ac5a2473a0e486dad,/cephfs/volumes/hpc_data_prj/eng_demt_robot_learning/45908032-a3fa-4719-9989-cd8d04c08f7a/polymetics_demt/rebuttal_dataset/simulation_control_group/policy_rollouts/C01/videos/case_06_execution_0.mp4
C01,L,7,1,success,success,,0.012396,0.0,0.00032,0,0,L,0.120849,3d7061912ad1e829e949ec6e2447bb225d9c41572b73c80abacf884f32c9ba98,10dbbe16da06b4013899e350fece05687abc8c45471b584ac5a2473a0e486dad,/cephfs/volumes/hpc_data_prj/eng_demt_robot_learning/45908032-a3fa-4719-9989-cd8d04c08f7a/polymetics_demt/rebuttal_dataset/simulation_control_group/policy_rollouts/C01/videos/case_07_execution_0.mp4
C01,L,8,1,success,success,,0.037669,0.000343,0.000343,0,0,L,0.211705,3d7061912ad1e829e949ec6e2447bb225d9c41572b73c80abacf884f32c9ba98,10dbbe16da06b4013899e350fece05687abc8c45471b584ac5a2473a0e486dad,/cephfs/volumes/hpc_data_prj/eng_demt_robot_learning/45908032-a3fa-4719-9989-cd8d04c08f7a/polymetics_demt/rebuttal_dataset/simulation_control_group/policy_rollouts/C01/videos/case_08_execution_0.mp4
C01,L,9,0,policy_timeout,cylinder_topple,cylinder_toppled;policy_timeout;target_miss,0.349198,90.0,90.102763,122,10552,L,0.122798,3d7061912ad1e829e949ec6e2447bb225d9c41572b73c80abacf884f32c9ba98,10dbbe16da06b4013899e350fece05687abc8c45471b584ac5a2473a0e486dad,/cephfs/volumes/hpc_data_prj/eng_demt_robot_learning/45908032-a3fa-4719-9989-cd8d04c08f7a/polymetics_demt/rebuttal_dataset/simulation_control_group/policy_rollouts/C01/videos/case_09_execution_0.mp4
C02,L,0,0,policy_timeout,target_miss,policy_timeout;target_miss,2.181368,0.000402,0.000495,0,0,indeterminate,0.301409,c301996cd9650be0fe06b1a21e4df16cd692633365a3a4be998e9bcf4019e81b,10dbbe16da06b4013899e350fece05687abc8c45471b584ac5a2473a0e486dad,/cephfs/volumes/hpc_data_prj/eng_demt_robot_learning/45908032-a3fa-4719-9989-cd8d04c08f7a/polymetics_demt/rebuttal_dataset/simulation_control_group/policy_rollouts/C02/videos/case_00_execution_0.mp4
C02,L,1,0,policy_timeout,cylinder_topple,cylinder_toppled;policy_timeout,0.048008,90.000036,90.049592,0,2,L,0.090322,c301996cd9650be0fe06b1a21e4df16cd692633365a3a4be998e9bcf4019e81b,10dbbe16da06b4013899e350fece05687abc8c45471b584ac5a2473a0e486dad,/cephfs/volumes/hpc_data_prj/eng_demt_robot_learning/45908032-a3fa-4719-9989-cd8d04c08f7a/polymetics_demt/rebuttal_dataset/simulation_control_group/policy_rollouts/C02/videos/case_01_execution_0.mp4
C02,L,2,0,policy_timeout,target_miss,policy_timeout;target_miss,5.86435,0.000326,0.000495,0,0,indeterminate,0.279975,c301996cd9650be0fe06b1a21e4df16cd692633365a3a4be998e9bcf4019e81b,10dbbe16da06b4013899e350fece05687abc8c45471b584ac5a2473a0e486dad,/cephfs/volumes/hpc_data_prj/eng_demt_robot_learning/45908032-a3fa-4719-9989-cd8d04c08f7a/polymetics_demt/rebuttal_dataset/simulation_control_group/policy_rollouts/C02/videos/case_02_execution_0.mp4
C02,L,3,1,success,success,,0.004275,8e-06,0.000305,0,0,L,0.149969,c301996cd9650be0fe06b1a21e4df16cd692633365a3a4be998e9bcf4019e81b,10dbbe16da06b4013899e350fece05687abc8c45471b584ac5a2473a0e486dad,/cephfs/volumes/hpc_data_prj/eng_demt_robot_learning/45908032-a3fa-4719-9989-cd8d04c08f7a/polymetics_demt/rebuttal_dataset/simulation_control_group/policy_rollouts/C02/videos/case_03_execution_0.mp4
C02,L,4,1,success,success,,0.018836,0.000279,0.000287,0,0,L,0.163403,c301996cd9650be0fe06b1a21e4df16cd692633365a3a4be998e9bcf4019e81b,10dbbe16da06b4013899e350fece05687abc8c45471b584ac5a2473a0e486dad,/cephfs/volumes/hpc_data_prj/eng_demt_robot_learning/45908032-a3fa-4719-9989-cd8d04c08f7a/polymetics_demt/rebuttal_dataset/simulation_control_group/policy_rollouts/C02/videos/case_04_execution_0.mp4
C02,L,5,1,success,success,,0.00674,0.000344,0.000353,0,0,L,0.140081,c301996cd9650be0fe06b1a21e4df16cd692633365a3a4be998e9bcf4019e81b,10dbbe16da06b4013899e350fece05687abc8c45471b584ac5a2473a0e486dad,/cephfs/volumes/hpc_data_prj/eng_demt_robot_learning/45908032-a3fa-4719-9989-cd8d04c08f7a/polymetics_demt/rebuttal_dataset/simulation_control_group/policy_rollouts/C02/videos/case_05_execution_0.mp4
C02,L,6,1,success,success,,0.009245,0.000353,0.000353,0,0,L,0.155668,c301996cd9650be0fe06b1a21e4df16cd692633365a3a4be998e9bcf4019e81b,10dbbe16da06b4013899e350fece05687abc8c45471b584ac5a2473a0e486dad,/cephfs/volumes/hpc_data_prj/eng_demt_robot_learning/45908032-a3fa-4719-9989-cd8d04c08f7a/polymetics_demt/rebuttal_dataset/simulation_control_group/policy_rollouts/C02/videos/case_06_execution_0.mp4
C02,L,7,0,policy_timeout,target_miss,policy_timeout;target_miss,0.102416,0.000346,0.000356,0,0,L,0.132433,c301996cd9650be0fe06b1a21e4df16cd692633365a3a4be998e9bcf4019e81b,10dbbe16da06b4013899e350fece05687abc8c45471b584ac5a2473a0e486dad,/cephfs/volumes/hpc_data_prj/eng_demt_robot_learning/45908032-a3fa-4719-9989-cd8d04c08f7a/polymetics_demt/rebuttal_dataset/simulation_control_group/policy_rollouts/C02/videos/case_07_execution_0.mp4
C02,L,8,1,success,success,,0.018505,6e-06,0.000347,0,0,L,0.161232,c301996cd9650be0fe06b1a21e4df16cd692633365a3a4be998e9bcf4019e81b,10dbbe16da06b4013899e350fece05687abc8c45471b584ac5a2473a0e486dad,/cephfs/volumes/hpc_data_prj/eng_demt_robot_learning/45908032-a3fa-4719-9989-cd8d04c08f7a/polymetics_demt/rebuttal_dataset/simulation_control_group/policy_rollouts/C02/videos/case_08_execution_0.mp4
C02,L,9,0,policy_timeout,cylinder_topple,cylinder_toppled;policy_timeout,0.015574,90.000001,90.108739,0,1,L,0.096225,c301996cd9650be0fe06b1a21e4df16cd692633365a3a4be998e9bcf4019e81b,10dbbe16da06b4013899e350fece05687abc8c45471b584ac5a2473a0e486dad,/cephfs/volumes/hpc_data_prj/eng_demt_robot_learning/45908032-a3fa-4719-9989-cd8d04c08f7a/polymetics_demt/rebuttal_dataset/simulation_control_group/policy_rollouts/C02/videos/case_09_execution_0.mp4
C03,L,0,0,policy_timeout,target_miss,policy_timeout;target_miss,3.19813,1.2e-05,0.000495,0,0,indeterminate,0.301409,134c47d0a4e8f37616a79559fba73006ebffd2b042d194ab8ae7db2a7c639f36,10dbbe16da06b4013899e350fece05687abc8c45471b584ac5a2473a0e486dad,/cephfs/volumes/hpc_data_prj/eng_demt_robot_learning/45908032-a3fa-4719-9989-cd8d04c08f7a/polymetics_demt/rebuttal_dataset/simulation_control_group/policy_rollouts/C03/videos/case_00_execution_0.mp4
C03,L,1,0,policy_timeout,cylinder_topple,cylinder_toppled;policy_timeout;target_miss,0.183607,90.000009,109.357334,8,1,L,0.056067,134c47d0a4e8f37616a79559fba73006ebffd2b042d194ab8ae7db2a7c639f36,10dbbe16da06b4013899e350fece05687abc8c45471b584ac5a2473a0e486dad,/cephfs/volumes/hpc_data_prj/eng_demt_robot_learning/45908032-a3fa-4719-9989-cd8d04c08f7a/polymetics_demt/rebuttal_dataset/simulation_control_group/policy_rollouts/C03/videos/case_01_execution_0.mp4
C03,L,2,0,policy_timeout,target_miss,policy_timeout;target_miss,3.474455,1.1e-05,0.000495,0,0,indeterminate,0.279975,134c47d0a4e8f37616a79559fba73006ebffd2b042d194ab8ae7db2a7c639f36,10dbbe16da06b4013899e350fece05687abc8c45471b584ac5a2473a0e486dad,/cephfs/volumes/hpc_data_prj/eng_demt_robot_learning/45908032-a3fa-4719-9989-cd8d04c08f7a/polymetics_demt/rebuttal_dataset/simulation_control_group/policy_rollouts/C03/videos/case_02_execution_0.mp4
C03,L,3,1,success,success,,0.01776,8e-06,0.000218,0,0,L,0.146417,134c47d0a4e8f37616a79559fba73006ebffd2b042d194ab8ae7db2a7c639f36,10dbbe16da06b4013899e350fece05687abc8c45471b584ac5a2473a0e486dad,/cephfs/volumes/hpc_data_prj/eng_demt_robot_learning/45908032-a3fa-4719-9989-cd8d04c08f7a/polymetics_demt/rebuttal_dataset/simulation_control_group/policy_rollouts/C03/videos/case_03_execution_0.mp4
C03,L,4,1,success,success,,0.014854,3e-06,0.000384,0,0,L,0.174575,134c47d0a4e8f37616a79559fba73006ebffd2b042d194ab8ae7db2a7c639f36,10dbbe16da06b4013899e350fece05687abc8c45471b584ac5a2473a0e486dad,/cephfs/volumes/hpc_data_prj/eng_demt_robot_learning/45908032-a3fa-4719-9989-cd8d04c08f7a/polymetics_demt/rebuttal_dataset/simulation_control_group/policy_rollouts/C03/videos/case_04_execution_0.mp4
C03,L,5,1,success,success,,0.018455,0.0,0.000384,0,0,L,0.189587,134c47d0a4e8f37616a79559fba73006ebffd2b042d194ab8ae7db2a7c639f36,10dbbe16da06b4013899e350fece05687abc8c45471b584ac5a2473a0e486dad,/cephfs/volumes/hpc_data_prj/eng_demt_robot_learning/45908032-a3fa-4719-9989-cd8d04c08f7a/polymetics_demt/rebuttal_dataset/simulation_control_group/policy_rollouts/C03/videos/case_05_execution_0.mp4
C03,L,6,0,policy_timeout,target_miss,policy_timeout;target_miss,0.313758,8.4e-05,0.000412,0,0,L,0.094262,134c47d0a4e8f37616a79559fba73006ebffd2b042d194ab8ae7db2a7c639f36,10dbbe16da06b4013899e350fece05687abc8c45471b584ac5a2473a0e486dad,/cephfs/volumes/hpc_data_prj/eng_demt_robot_learning/45908032-a3fa-4719-9989-cd8d04c08f7a/polymetics_demt/rebuttal_dataset/simulation_control_group/policy_rollouts/C03/videos/case_06_execution_0.mp4
C03,L,7,1,success,success,,0.02032,5e-06,0.000435,0,0,L,0.116545,134c47d0a4e8f37616a79559fba73006ebffd2b042d194ab8ae7db2a7c639f36,10dbbe16da06b4013899e350fece05687abc8c45471b584ac5a2473a0e486dad,/cephfs/volumes/hpc_data_prj/eng_demt_robot_learning/45908032-a3fa-4719-9989-cd8d04c08f7a/polymetics_demt/rebuttal_dataset/simulation_control_group/policy_rollouts/C03/videos/case_07_execution_0.mp4
C03,L,8,1,success,success,,0.041463,5e-06,0.000339,0,0,L,0.191344,134c47d0a4e8f37616a79559fba73006ebffd2b042d194ab8ae7db2a7c639f36,10dbbe16da06b4013899e350fece05687abc8c45471b584ac5a2473a0e486dad,/cephfs/volumes/hpc_data_prj/eng_demt_robot_learning/45908032-a3fa-4719-9989-cd8d04c08f7a/polymetics_demt/rebuttal_dataset/simulation_control_group/policy_rollouts/C03/videos/case_08_execution_0.mp4
C03,L,9,0,policy_timeout,cylinder_topple,cylinder_toppled;policy_timeout;target_miss,0.582021,90.0,177.575387,0,103,L,0.095342,134c47d0a4e8f37616a79559fba73006ebffd2b042d194ab8ae7db2a7c639f36,10dbbe16da06b4013899e350fece05687abc8c45471b584ac5a2473a0e486dad,/cephfs/volumes/hpc_data_prj/eng_demt_robot_learning/45908032-a3fa-4719-9989-cd8d04c08f7a/polymetics_demt/rebuttal_dataset/simulation_control_group/policy_rollouts/C03/videos/case_09_execution_0.mp4
C04,L,0,0,policy_timeout,target_miss,policy_timeout;target_miss,0.621356,5e-06,0.000495,0,0,indeterminate,0.301409,8a650eecc369cd486daf990687cf72c15d2b1b74b8f74d761630c7b8e1900674,10dbbe16da06b4013899e350fece05687abc8c45471b584ac5a2473a0e486dad,/cephfs/volumes/hpc_data_prj/eng_demt_robot_learning/45908032-a3fa-4719-9989-cd8d04c08f7a/polymetics_demt/rebuttal_dataset/simulation_control_group/policy_rollouts/C04/videos/case_00_execution_0.mp4
C04,L,1,0,policy_timeout,cylinder_topple,cylinder_toppled;policy_timeout,0.024961,90.0,108.639714,0,1,L,0.089777,8a650eecc369cd486daf990687cf72c15d2b1b74b8f74d761630c7b8e1900674,10dbbe16da06b4013899e350fece05687abc8c45471b584ac5a2473a0e486dad,/cephfs/volumes/hpc_data_prj/eng_demt_robot_learning/45908032-a3fa-4719-9989-cd8d04c08f7a/polymetics_demt/rebuttal_dataset/simulation_control_group/policy_rollouts/C04/videos/case_01_execution_0.mp4
C04,L,2,0,policy_timeout,target_miss,policy_timeout;target_miss,7.131357,3e-06,0.000495,0,0,indeterminate,0.279975,8a650eecc369cd486daf990687cf72c15d2b1b74b8f74d761630c7b8e1900674,10dbbe16da06b4013899e350fece05687abc8c45471b584ac5a2473a0e486dad,/cephfs/volumes/hpc_data_prj/eng_demt_robot_learning/45908032-a3fa-4719-9989-cd8d04c08f7a/polymetics_demt/rebuttal_dataset/simulation_control_group/policy_rollouts/C04/videos/case_02_execution_0.mp4
C04,L,3,1,success,success,,0.017116,0.0,0.000365,0,0,L,0.133874,8a650eecc369cd486daf990687cf72c15d2b1b74b8f74d761630c7b8e1900674,10dbbe16da06b4013899e350fece05687abc8c45471b584ac5a2473a0e486dad,/cephfs/volumes/hpc_data_prj/eng_demt_robot_learning/45908032-a3fa-4719-9989-cd8d04c08f7a/polymetics_demt/rebuttal_dataset/simulation_control_group/policy_rollouts/C04/videos/case_03_execution_0.mp4
C04,L,4,1,success,success,,0.017761,4e-06,0.000372,0,0,L,0.170234,8a650eecc369cd486daf990687cf72c15d2b1b74b8f74d761630c7b8e1900674,10dbbe16da06b4013899e350fece05687abc8c45471b584ac5a2473a0e486dad,/cephfs/volumes/hpc_data_prj/eng_demt_robot_learning/45908032-a3fa-4719-9989-cd8d04c08f7a/polymetics_demt/rebuttal_dataset/simulation_control_group/policy_rollouts/C04/videos/case_04_execution_0.mp4
C04,L,5,1,success,success,,0.021057,9e-06,0.000327,0,0,L,0.185625,8a650eecc369cd486daf990687cf72c15d2b1b74b8f74d761630c7b8e1900674,10dbbe16da06b4013899e350fece05687abc8c45471b584ac5a2473a0e486dad,/cephfs/volumes/hpc_data_prj/eng_demt_robot_learning/45908032-a3fa-4719-9989-cd8d04c08f7a/polymetics_demt/rebuttal_dataset/simulation_control_group/policy_rollouts/C04/videos/case_05_execution_0.mp4
C04,L,6,1,success,success,,0.005937,9e-06,0.000372,0,0,L,0.161453,8a650eecc369cd486daf990687cf72c15d2b1b74b8f74d761630c7b8e1900674,10dbbe16da06b4013899e350fece05687abc8c45471b584ac5a2473a0e486dad,/cephfs/volumes/hpc_data_prj/eng_demt_robot_learning/45908032-a3fa-4719-9989-cd8d04c08f7a/polymetics_demt/rebuttal_dataset/simulation_control_group/policy_rollouts/C04/videos/case_06_execution_0.mp4
C04,L,7,0,policy_timeout,cylinder_topple,cylinder_toppled;policy_timeout,0.08807,89.999999,90.085648,16,90,L,0.121664,8a650eecc369cd486daf990687cf72c15d2b1b74b8f74d761630c7b8e1900674,10dbbe16da06b4013899e350fece05687abc8c45471b584ac5a2473a0e486dad,/cephfs/volumes/hpc_data_prj/eng_demt_robot_learning/45908032-a3fa-4719-9989-cd8d04c08f7a/polymetics_demt/rebuttal_dataset/simulation_control_group/policy_rollouts/C04/videos/case_07_execution_0.mp4
C04,L,8,0,policy_timeout,target_miss,policy_timeout;target_miss,1.972893,0.000265,0.000495,0,0,L,0.170719,8a650eecc369cd486daf990687cf72c15d2b1b74b8f74d761630c7b8e1900674,10dbbe16da06b4013899e350fece05687abc8c45471b584ac5a2473a0e486dad,/cephfs/volumes/hpc_data_prj/eng_demt_robot_learning/45908032-a3fa-4719-9989-cd8d04c08f7a/polymetics_demt/rebuttal_dataset/simulation_control_group/policy_rollouts/C04/videos/case_08_execution_0.mp4
C04,L,9,0,policy_timeout,cylinder_topple,cylinder_toppled;policy_timeout,0.080718,89.999989,90.017371,49,4,L,0.094581,8a650eecc369cd486daf990687cf72c15d2b1b74b8f74d761630c7b8e1900674,10dbbe16da06b4013899e350fece05687abc8c45471b584ac5a2473a0e486dad,/cephfs/volumes/hpc_data_prj/eng_demt_robot_learning/45908032-a3fa-4719-9989-cd8d04c08f7a/polymetics_demt/rebuttal_dataset/simulation_control_group/policy_rollouts/C04/videos/case_09_execution_0.mp4
C05,L,0,0,policy_timeout,target_miss,policy_timeout;target_miss,3.342903,0.00027,3.563675,0,56,indeterminate,0.301409,7ce5413cd1edc9b00dcd220eb2044fc470c036312ba039aec89fdd6977e929c0,10dbbe16da06b4013899e350fece05687abc8c45471b584ac5a2473a0e486dad,/cephfs/volumes/hpc_data_prj/eng_demt_robot_learning/45908032-a3fa-4719-9989-cd8d04c08f7a/polymetics_demt/rebuttal_dataset/simulation_control_group/policy_rollouts/C05/videos/case_00_execution_0.mp4
C05,L,1,0,policy_timeout,cylinder_topple,cylinder_toppled;policy_timeout;target_miss,0.1151,89.999946,178.056107,0,1,L,0.05048,7ce5413cd1edc9b00dcd220eb2044fc470c036312ba039aec89fdd6977e929c0,10dbbe16da06b4013899e350fece05687abc8c45471b584ac5a2473a0e486dad,/cephfs/volumes/hpc_data_prj/eng_demt_robot_learning/45908032-a3fa-4719-9989-cd8d04c08f7a/polymetics_demt/rebuttal_dataset/simulation_control_group/policy_rollouts/C05/videos/case_01_execution_0.mp4
C05,L,2,0,policy_timeout,cylinder_topple,cylinder_toppled;policy_timeout;target_miss,0.380638,90.0,90.039738,0,1,L,0.262914,7ce5413cd1edc9b00dcd220eb2044fc470c036312ba039aec89fdd6977e929c0,10dbbe16da06b4013899e350fece05687abc8c45471b584ac5a2473a0e486dad,/cephfs/volumes/hpc_data_prj/eng_demt_robot_learning/45908032-a3fa-4719-9989-cd8d04c08f7a/polymetics_demt/rebuttal_dataset/simulation_control_group/policy_rollouts/C05/videos/case_02_execution_0.mp4
C05,L,3,0,policy_timeout,cylinder_topple,cylinder_toppled;policy_timeout;target_miss,0.635591,90.0,154.310157,0,1,L,0.122766,7ce5413cd1edc9b00dcd220eb2044fc470c036312ba039aec89fdd6977e929c0,10dbbe16da06b4013899e350fece05687abc8c45471b584ac5a2473a0e486dad,/cephfs/volumes/hpc_data_prj/eng_demt_robot_learning/45908032-a3fa-4719-9989-cd8d04c08f7a/polymetics_demt/rebuttal_dataset/simulation_control_group/policy_rollouts/C05/videos/case_03_execution_0.mp4
C05,L,4,1,success,success,,0.009625,3e-06,0.000495,0,0,L,0.179686,7ce5413cd1edc9b00dcd220eb2044fc470c036312ba039aec89fdd6977e929c0,10dbbe16da06b4013899e350fece05687abc8c45471b584ac5a2473a0e486dad,/cephfs/volumes/hpc_data_prj/eng_demt_robot_learning/45908032-a3fa-4719-9989-cd8d04c08f7a/polymetics_demt/rebuttal_dataset/simulation_control_group/policy_rollouts/C05/videos/case_04_execution_0.mp4
C05,L,5,1,success,success,,0.022576,0.000333,0.000333,0,0,L,0.161899,7ce5413cd1edc9b00dcd220eb2044fc470c036312ba039aec89fdd6977e929c0,10dbbe16da06b4013899e350fece05687abc8c45471b584ac5a2473a0e486dad,/cephfs/volumes/hpc_data_prj/eng_demt_robot_learning/45908032-a3fa-4719-9989-cd8d04c08f7a/polymetics_demt/rebuttal_dataset/simulation_control_group/policy_rollouts/C05/videos/case_05_execution_0.mp4
C05,L,6,0,policy_timeout,target_miss,policy_timeout;target_miss,0.193399,0.000284,0.000421,0,0,L,0.142166,7ce5413cd1edc9b00dcd220eb2044fc470c036312ba039aec89fdd6977e929c0,10dbbe16da06b4013899e350fece05687abc8c45471b584ac5a2473a0e486dad,/cephfs/volumes/hpc_data_prj/eng_demt_robot_learning/45908032-a3fa-4719-9989-cd8d04c08f7a/polymetics_demt/rebuttal_dataset/simulation_control_group/policy_rollouts/C05/videos/case_06_execution_0.mp4
C05,L,7,0,policy_timeout,cylinder_topple,cylinder_toppled;policy_timeout,0.002033,90.000003,178.196638,0,1,L,0.109828,7ce5413cd1edc9b00dcd220eb2044fc470c036312ba039aec89fdd6977e929c0,10dbbe16da06b4013899e350fece05687abc8c45471b584ac5a2473a0e486dad,/cephfs/volumes/hpc_data_prj/eng_demt_robot_learning/45908032-a3fa-4719-9989-cd8d04c08f7a/polymetics_demt/rebuttal_dataset/simulation_control_group/policy_rollouts/C05/videos/case_07_execution_0.mp4
C05,L,8,1,success,success,,0.028823,1.1e-05,0.000495,0,0,L,0.186308,7ce5413cd1edc9b00dcd220eb2044fc470c036312ba039aec89fdd6977e929c0,10dbbe16da06b4013899e350fece05687abc8c45471b584ac5a2473a0e486dad,/cephfs/volumes/hpc_data_prj/eng_demt_robot_learning/45908032-a3fa-4719-9989-cd8d04c08f7a/polymetics_demt/rebuttal_dataset/simulation_control_group/policy_rollouts/C05/videos/case_08_execution_0.mp4
C05,L,9,0,policy_timeout,cylinder_topple,cylinder_toppled;policy_timeout;target_miss,0.311856,90.0,90.110228,43,10712,L,0.061692,7ce5413cd1edc9b00dcd220eb2044fc470c036312ba039aec89fdd6977e929c0,10dbbe16da06b4013899e350fece05687abc8c45471b584ac5a2473a0e486dad,/cephfs/volumes/hpc_data_prj/eng_demt_robot_learning/45908032-a3fa-4719-9989-cd8d04c08f7a/polymetics_demt/rebuttal_dataset/simulation_control_group/policy_rollouts/C05/videos/case_09_execution_0.mp4
C06,R,0,0,policy_timeout,cylinder_topple,cylinder_toppled;policy_timeout;target_miss,1.85151,90.0,90.108346,0,610,R,0.301409,543de25467628ad962ad88dfebf60f87fa1026b7c53f0927ab020bbf450e9298,10dbbe16da06b4013899e350fece05687abc8c45471b584ac5a2473a0e486dad,/cephfs/volumes/hpc_data_prj/eng_demt_robot_learning/45908032-a3fa-4719-9989-cd8d04c08f7a/polymetics_demt/rebuttal_dataset/simulation_control_group/policy_rollouts/C06/videos/case_00_execution_0.mp4
C06,R,1,0,policy_timeout,cylinder_topple,cylinder_toppled;policy_timeout;target_miss,0.210998,90.0,90.164794,0,1,R,0.161392,543de25467628ad962ad88dfebf60f87fa1026b7c53f0927ab020bbf450e9298,10dbbe16da06b4013899e350fece05687abc8c45471b584ac5a2473a0e486dad,/cephfs/volumes/hpc_data_prj/eng_demt_robot_learning/45908032-a3fa-4719-9989-cd8d04c08f7a/polymetics_demt/rebuttal_dataset/simulation_control_group/policy_rollouts/C06/videos/case_01_execution_0.mp4
C06,R,2,0,policy_timeout,cylinder_topple,cylinder_toppled;policy_timeout;target_miss,0.47695,90.0,90.10811,0,175,indeterminate,0.230319,543de25467628ad962ad88dfebf60f87fa1026b7c53f0927ab020bbf450e9298,10dbbe16da06b4013899e350fece05687abc8c45471b584ac5a2473a0e486dad,/cephfs/volumes/hpc_data_prj/eng_demt_robot_learning/45908032-a3fa-4719-9989-cd8d04c08f7a/polymetics_demt/rebuttal_dataset/simulation_control_group/policy_rollouts/C06/videos/case_02_execution_0.mp4
C06,R,3,1,success,success,,0.003083,4.3e-05,0.000495,0,1,R,0.177657,543de25467628ad962ad88dfebf60f87fa1026b7c53f0927ab020bbf450e9298,10dbbe16da06b4013899e350fece05687abc8c45471b584ac5a2473a0e486dad,/cephfs/volumes/hpc_data_prj/eng_demt_robot_learning/45908032-a3fa-4719-9989-cd8d04c08f7a/polymetics_demt/rebuttal_dataset/simulation_control_group/policy_rollouts/C06/videos/case_03_execution_0.mp4
C06,R,4,0,policy_timeout,cylinder_topple,cylinder_toppled;policy_timeout;target_miss,0.293398,89.99998,178.864677,0,1,R,0.126106,543de25467628ad962ad88dfebf60f87fa1026b7c53f0927ab020bbf450e9298,10dbbe16da06b4013899e350fece05687abc8c45471b584ac5a2473a0e486dad,/cephfs/volumes/hpc_data_prj/eng_demt_robot_learning/45908032-a3fa-4719-9989-cd8d04c08f7a/polymetics_demt/rebuttal_dataset/simulation_control_group/policy_rollouts/C06/videos/case_04_execution_0.mp4
C06,R,5,0,policy_timeout,cylinder_topple,cylinder_toppled;policy_timeout;target_miss,4.359716,89.999981,90.059149,0,59,R,0.369469,543de25467628ad962ad88dfebf60f87fa1026b7c53f0927ab020bbf450e9298,10dbbe16da06b4013899e350fece05687abc8c45471b584ac5a2473a0e486dad,/cephfs/volumes/hpc_data_prj/eng_demt_robot_learning/45908032-a3fa-4719-9989-cd8d04c08f7a/polymetics_demt/rebuttal_dataset/simulation_control_group/policy_rollouts/C06/videos/case_05_execution_0.mp4
C06,R,6,0,policy_timeout,target_miss,policy_timeout;target_miss,0.468507,0.000357,0.000495,0,2,L,0.161737,543de25467628ad962ad88dfebf60f87fa1026b7c53f0927ab020bbf450e9298,10dbbe16da06b4013899e350fece05687abc8c45471b584ac5a2473a0e486dad,/cephfs/volumes/hpc_data_prj/eng_demt_robot_learning/45908032-a3fa-4719-9989-cd8d04c08f7a/polymetics_demt/rebuttal_dataset/simulation_control_group/policy_rollouts/C06/videos/case_06_execution_0.mp4
C06,R,7,0,policy_timeout,cylinder_topple,cylinder_toppled;policy_timeout,0.059129,90.0,90.062268,0,52,R,0.184361,543de25467628ad962ad88dfebf60f87fa1026b7c53f0927ab020bbf450e9298,10dbbe16da06b4013899e350fece05687abc8c45471b584ac5a2473a0e486dad,/cephfs/volumes/hpc_data_prj/eng_demt_robot_learning/45908032-a3fa-4719-9989-cd8d04c08f7a/polymetics_demt/rebuttal_dataset/simulation_control_group/policy_rollouts/C06/videos/case_07_execution_0.mp4
C06,R,8,0,policy_timeout,cylinder_topple,cylinder_toppled;policy_timeout;target_miss,0.216804,90.0,90.189667,58,10952,R,0.127453,543de25467628ad962ad88dfebf60f87fa1026b7c53f0927ab020bbf450e9298,10dbbe16da06b4013899e350fece05687abc8c45471b584ac5a2473a0e486dad,/cephfs/volumes/hpc_data_prj/eng_demt_robot_learning/45908032-a3fa-4719-9989-cd8d04c08f7a/polymetics_demt/rebuttal_dataset/simulation_control_group/policy_rollouts/C06/videos/case_08_execution_0.mp4
C06,R,9,1,success,success,,0.018621,0.0,0.000495,0,0,R,0.178193,543de25467628ad962ad88dfebf60f87fa1026b7c53f0927ab020bbf450e9298,10dbbe16da06b4013899e350fece05687abc8c45471b584ac5a2473a0e486dad,/cephfs/volumes/hpc_data_prj/eng_demt_robot_learning/45908032-a3fa-4719-9989-cd8d04c08f7a/polymetics_demt/rebuttal_dataset/simulation_control_group/policy_rollouts/C06/videos/case_09_execution_0.mp4
C07,R,0,0,policy_timeout,target_miss,policy_timeout;target_miss,0.565249,5.8e-05,0.000495,0,0,indeterminate,0.301409,65879b287d3d5b4d25a7444a2c29941e8a98d3db8646d05d030c3afb8a168772,10dbbe16da06b4013899e350fece05687abc8c45471b584ac5a2473a0e486dad,/cephfs/volumes/hpc_data_prj/eng_demt_robot_learning/45908032-a3fa-4719-9989-cd8d04c08f7a/polymetics_demt/rebuttal_dataset/simulation_control_group/policy_rollouts/C07/videos/case_00_execution_0.mp4
C07,R,1,0,policy_timeout,target_miss,policy_timeout;target_miss,0.359549,5.7e-05,0.000434,0,0,R,0.180226,65879b287d3d5b4d25a7444a2c29941e8a98d3db8646d05d030c3afb8a168772,10dbbe16da06b4013899e350fece05687abc8c45471b584ac5a2473a0e486dad,/cephfs/volumes/hpc_data_prj/eng_demt_robot_learning/45908032-a3fa-4719-9989-cd8d04c08f7a/polymetics_demt/rebuttal_dataset/simulation_control_group/policy_rollouts/C07/videos/case_01_execution_0.mp4
C07,R,2,0,policy_timeout,target_miss,policy_timeout;target_miss,0.349971,5.7e-05,0.00042,0,0,L,0.204336,65879b287d3d5b4d25a7444a2c29941e8a98d3db8646d05d030c3afb8a168772,10dbbe16da06b4013899e350fece05687abc8c45471b584ac5a2473a0e486dad,/cephfs/volumes/hpc_data_prj/eng_demt_robot_learning/45908032-a3fa-4719-9989-cd8d04c08f7a/polymetics_demt/rebuttal_dataset/simulation_control_group/policy_rollouts/C07/videos/case_02_execution_0.mp4
C07,R,3,1,success,success,,0.032301,4e-05,0.000376,0,0,R,0.174913,65879b287d3d5b4d25a7444a2c29941e8a98d3db8646d05d030c3afb8a168772,10dbbe16da06b4013899e350fece05687abc8c45471b584ac5a2473a0e486dad,/cephfs/volumes/hpc_data_prj/eng_demt_robot_learning/45908032-a3fa-4719-9989-cd8d04c08f7a/polymetics_demt/rebuttal_dataset/simulation_control_group/policy_rollouts/C07/videos/case_03_execution_0.mp4
C07,R,4,1,success,success,,0.008766,2.7e-05,0.000383,0,0,R,0.179827,65879b287d3d5b4d25a7444a2c29941e8a98d3db8646d05d030c3afb8a168772,10dbbe16da06b4013899e350fece05687abc8c45471b584ac5a2473a0e486dad,/cephfs/volumes/hpc_data_prj/eng_demt_robot_learning/45908032-a3fa-4719-9989-cd8d04c08f7a/polymetics_demt/rebuttal_dataset/simulation_control_group/policy_rollouts/C07/videos/case_04_execution_0.mp4
C07,R,5,0,policy_timeout,target_miss,policy_timeout;target_miss,3.71985,4.6e-05,0.000414,0,0,indeterminate,0.369469,65879b287d3d5b4d25a7444a2c29941e8a98d3db8646d05d030c3afb8a168772,10dbbe16da06b4013899e350fece05687abc8c45471b584ac5a2473a0e486dad,/cephfs/volumes/hpc_data_prj/eng_demt_robot_learning/45908032-a3fa-4719-9989-cd8d04c08f7a/polymetics_demt/rebuttal_dataset/simulation_control_group/policy_rollouts/C07/videos/case_05_execution_0.mp4
C07,R,6,1,success,success,,0.019041,4.9e-05,0.000412,0,0,R,0.19282,65879b287d3d5b4d25a7444a2c29941e8a98d3db8646d05d030c3afb8a168772,10dbbe16da06b4013899e350fece05687abc8c45471b584ac5a2473a0e486dad,/cephfs/volumes/hpc_data_prj/eng_demt_robot_learning/45908032-a3fa-4719-9989-cd8d04c08f7a/polymetics_demt/rebuttal_dataset/simulation_control_group/policy_rollouts/C07/videos/case_06_execution_0.mp4
C07,R,7,0,policy_timeout,target_miss,policy_timeout;target_miss,0.693453,6.4e-05,0.000414,0,0,R,0.178421,65879b287d3d5b4d25a7444a2c29941e8a98d3db8646d05d030c3afb8a168772,10dbbe16da06b4013899e350fece05687abc8c45471b584ac5a2473a0e486dad,/cephfs/volumes/hpc_data_prj/eng_demt_robot_learning/45908032-a3fa-4719-9989-cd8d04c08f7a/polymetics_demt/rebuttal_dataset/simulation_control_group/policy_rollouts/C07/videos/case_07_execution_0.mp4
C07,R,8,1,success,success,,0.01301,3.6e-05,0.000403,0,0,R,0.173444,65879b287d3d5b4d25a7444a2c29941e8a98d3db8646d05d030c3afb8a168772,10dbbe16da06b4013899e350fece05687abc8c45471b584ac5a2473a0e486dad,/cephfs/volumes/hpc_data_prj/eng_demt_robot_learning/45908032-a3fa-4719-9989-cd8d04c08f7a/polymetics_demt/rebuttal_dataset/simulation_control_group/policy_rollouts/C07/videos/case_08_execution_0.mp4
C07,R,9,0,policy_timeout,cylinder_topple,cylinder_toppled;policy_timeout,0.023897,89.999968,90.192139,0,9,R,0.181572,65879b287d3d5b4d25a7444a2c29941e8a98d3db8646d05d030c3afb8a168772,10dbbe16da06b4013899e350fece05687abc8c45471b584ac5a2473a0e486dad,/cephfs/volumes/hpc_data_prj/eng_demt_robot_learning/45908032-a3fa-4719-9989-cd8d04c08f7a/polymetics_demt/rebuttal_dataset/simulation_control_group/policy_rollouts/C07/videos/case_09_execution_0.mp4
C08,R,0,0,policy_timeout,cylinder_topple,cylinder_toppled;policy_timeout;target_miss,0.78107,89.999998,90.128438,0,61,indeterminate,0.301409,e4f3d7864e0a9d4be4a4f92371ce0c694ea14232b81ef63622bd3d193e2d43ec,10dbbe16da06b4013899e350fece05687abc8c45471b584ac5a2473a0e486dad,/cephfs/volumes/hpc_data_prj/eng_demt_robot_learning/45908032-a3fa-4719-9989-cd8d04c08f7a/polymetics_demt/rebuttal_dataset/simulation_control_group/policy_rollouts/C08/videos/case_00_execution_0.mp4
C08,R,1,1,success,success,,0.0094,0.0,0.000495,0,0,R,0.189921,e4f3d7864e0a9d4be4a4f92371ce0c694ea14232b81ef63622bd3d193e2d43ec,10dbbe16da06b4013899e350fece05687abc8c45471b584ac5a2473a0e486dad,/cephfs/volumes/hpc_data_prj/eng_demt_robot_learning/45908032-a3fa-4719-9989-cd8d04c08f7a/polymetics_demt/rebuttal_dataset/simulation_control_group/policy_rollouts/C08/videos/case_01_execution_0.mp4
C08,R,2,0,policy_timeout,target_miss,policy_timeout;target_miss,0.427972,0.000195,0.000344,0,0,indeterminate,0.185702,e4f3d7864e0a9d4be4a4f92371ce0c694ea14232b81ef63622bd3d193e2d43ec,10dbbe16da06b4013899e350fece05687abc8c45471b584ac5a2473a0e486dad,/cephfs/volumes/hpc_data_prj/eng_demt_robot_learning/45908032-a3fa-4719-9989-cd8d04c08f7a/polymetics_demt/rebuttal_dataset/simulation_control_group/policy_rollouts/C08/videos/case_02_execution_0.mp4
C08,R,3,1,success,success,,0.008865,8e-05,0.000199,0,0,R,0.186995,e4f3d7864e0a9d4be4a4f92371ce0c694ea14232b81ef63622bd3d193e2d43ec,10dbbe16da06b4013899e350fece05687abc8c45471b584ac5a2473a0e486dad,/cephfs/volumes/hpc_data_prj/eng_demt_robot_learning/45908032-a3fa-4719-9989-cd8d04c08f7a/polymetics_demt/rebuttal_dataset/simulation_control_group/policy_rollouts/C08/videos/case_03_execution_0.mp4
C08,R,4,1,success,success,,0.00747,0.0,0.000438,0,0,R,0.170866,e4f3d7864e0a9d4be4a4f92371ce0c694ea14232b81ef63622bd3d193e2d43ec,10dbbe16da06b4013899e350fece05687abc8c45471b584ac5a2473a0e486dad,/cephfs/volumes/hpc_data_prj/eng_demt_robot_learning/45908032-a3fa-4719-9989-cd8d04c08f7a/polymetics_demt/rebuttal_dataset/simulation_control_group/policy_rollouts/C08/videos/case_04_execution_0.mp4
C08,R,5,0,policy_timeout,target_miss,policy_timeout;target_miss,0.632415,0.000325,0.000506,0,0,indeterminate,0.369469,e4f3d7864e0a9d4be4a4f92371ce0c694ea14232b81ef63622bd3d193e2d43ec,10dbbe16da06b4013899e350fece05687abc8c45471b584ac5a2473a0e486dad,/cephfs/volumes/hpc_data_prj/eng_demt_robot_learning/45908032-a3fa-4719-9989-cd8d04c08f7a/polymetics_demt/rebuttal_dataset/simulation_control_group/policy_rollouts/C08/videos/case_05_execution_0.mp4
C08,R,6,0,policy_timeout,target_miss,policy_timeout;target_miss,0.474013,0.000396,0.000398,0,0,L,0.180395,e4f3d7864e0a9d4be4a4f92371ce0c694ea14232b81ef63622bd3d193e2d43ec,10dbbe16da06b4013899e350fece05687abc8c45471b584ac5a2473a0e486dad,/cephfs/volumes/hpc_data_prj/eng_demt_robot_learning/45908032-a3fa-4719-9989-cd8d04c08f7a/polymetics_demt/rebuttal_dataset/simulation_control_group/policy_rollouts/C08/videos/case_06_execution_0.mp4
C08,R,7,1,success,success,,0.01305,0.0,0.000396,0,0,R,0.185173,e4f3d7864e0a9d4be4a4f92371ce0c694ea14232b81ef63622bd3d193e2d43ec,10dbbe16da06b4013899e350fece05687abc8c45471b584ac5a2473a0e486dad,/cephfs/volumes/hpc_data_prj/eng_demt_robot_learning/45908032-a3fa-4719-9989-cd8d04c08f7a/polymetics_demt/rebuttal_dataset/simulation_control_group/policy_rollouts/C08/videos/case_07_execution_0.mp4
C08,R,8,0,policy_timeout,target_miss,policy_timeout;target_miss,0.379127,0.000388,0.000488,0,0,R,0.163119,e4f3d7864e0a9d4be4a4f92371ce0c694ea14232b81ef63622bd3d193e2d43ec,10dbbe16da06b4013899e350fece05687abc8c45471b584ac5a2473a0e486dad,/cephfs/volumes/hpc_data_prj/eng_demt_robot_learning/45908032-a3fa-4719-9989-cd8d04c08f7a/polymetics_demt/rebuttal_dataset/simulation_control_group/policy_rollouts/C08/videos/case_08_execution_0.mp4
C08,R,9,1,success,success,,0.025489,0.0,0.000388,0,0,R,0.185248,e4f3d7864e0a9d4be4a4f92371ce0c694ea14232b81ef63622bd3d193e2d43ec,10dbbe16da06b4013899e350fece05687abc8c45471b584ac5a2473a0e486dad,/cephfs/volumes/hpc_data_prj/eng_demt_robot_learning/45908032-a3fa-4719-9989-cd8d04c08f7a/polymetics_demt/rebuttal_dataset/simulation_control_group/policy_rollouts/C08/videos/case_09_execution_0.mp4
C09,R,0,0,policy_timeout,target_miss,policy_timeout;target_miss,0.655313,0.000354,3.100887,0,172,R,0.301409,0440de0dc0ff359a25a00f1c7a01cc010cafac9b91cc27e16c724248ac311723,10dbbe16da06b4013899e350fece05687abc8c45471b584ac5a2473a0e486dad,/cephfs/volumes/hpc_data_prj/eng_demt_robot_learning/45908032-a3fa-4719-9989-cd8d04c08f7a/polymetics_demt/rebuttal_dataset/simulation_control_group/policy_rollouts/C09/videos/case_00_execution_0.mp4
C09,R,1,1,success,success,,0.012349,9.6e-05,0.000359,0,0,R,0.187377,0440de0dc0ff359a25a00f1c7a01cc010cafac9b91cc27e16c724248ac311723,10dbbe16da06b4013899e350fece05687abc8c45471b584ac5a2473a0e486dad,/cephfs/volumes/hpc_data_prj/eng_demt_robot_learning/45908032-a3fa-4719-9989-cd8d04c08f7a/polymetics_demt/rebuttal_dataset/simulation_control_group/policy_rollouts/C09/videos/case_01_execution_0.mp4
C09,R,2,0,policy_timeout,target_miss,policy_timeout;target_miss,0.268506,0.000212,0.000338,0,0,L,0.245989,0440de0dc0ff359a25a00f1c7a01cc010cafac9b91cc27e16c724248ac311723,10dbbe16da06b4013899e350fece05687abc8c45471b584ac5a2473a0e486dad,/cephfs/volumes/hpc_data_prj/eng_demt_robot_learning/45908032-a3fa-4719-9989-cd8d04c08f7a/polymetics_demt/rebuttal_dataset/simulation_control_group/policy_rollouts/C09/videos/case_02_execution_0.mp4
C09,R,3,1,success,success,,0.02386,5.7e-05,0.000212,0,0,R,0.181242,0440de0dc0ff359a25a00f1c7a01cc010cafac9b91cc27e16c724248ac311723,10dbbe16da06b4013899e350fece05687abc8c45471b584ac5a2473a0e486dad,/cephfs/volumes/hpc_data_prj/eng_demt_robot_learning/45908032-a3fa-4719-9989-cd8d04c08f7a/polymetics_demt/rebuttal_dataset/simulation_control_group/policy_rollouts/C09/videos/case_03_execution_0.mp4
C09,R,4,1,success,success,,0.012955,2.1e-05,0.000332,0,0,R,0.159425,0440de0dc0ff359a25a00f1c7a01cc010cafac9b91cc27e16c724248ac311723,10dbbe16da06b4013899e350fece05687abc8c45471b584ac5a2473a0e486dad,/cephfs/volumes/hpc_data_prj/eng_demt_robot_learning/45908032-a3fa-4719-9989-cd8d04c08f7a/polymetics_demt/rebuttal_dataset/simulation_control_group/policy_rollouts/C09/videos/case_04_execution_0.mp4
C09,R,5,0,policy_timeout,cylinder_topple,cylinder_toppled;policy_timeout;target_miss,7.336658,90.0,100.268058,0,10769,R,0.369469,0440de0dc0ff359a25a00f1c7a01cc010cafac9b91cc27e16c724248ac311723,10dbbe16da06b4013899e350fece05687abc8c45471b584ac5a2473a0e486dad,/cephfs/volumes/hpc_data_prj/eng_demt_robot_learning/45908032-a3fa-4719-9989-cd8d04c08f7a/polymetics_demt/rebuttal_dataset/simulation_control_group/policy_rollouts/C09/videos/case_05_execution_0.mp4
C09,R,6,0,policy_timeout,target_miss,policy_timeout;target_miss,0.144467,0.000391,0.000495,0,0,R,0.191423,0440de0dc0ff359a25a00f1c7a01cc010cafac9b91cc27e16c724248ac311723,10dbbe16da06b4013899e350fece05687abc8c45471b584ac5a2473a0e486dad,/cephfs/volumes/hpc_data_prj/eng_demt_robot_learning/45908032-a3fa-4719-9989-cd8d04c08f7a/polymetics_demt/rebuttal_dataset/simulation_control_group/policy_rollouts/C09/videos/case_06_execution_0.mp4
C09,R,7,1,success,success,,0.011449,0.0,0.000392,0,0,R,0.184429,0440de0dc0ff359a25a00f1c7a01cc010cafac9b91cc27e16c724248ac311723,10dbbe16da06b4013899e350fece05687abc8c45471b584ac5a2473a0e486dad,/cephfs/volumes/hpc_data_prj/eng_demt_robot_learning/45908032-a3fa-4719-9989-cd8d04c08f7a/polymetics_demt/rebuttal_dataset/simulation_control_group/policy_rollouts/C09/videos/case_07_execution_0.mp4
C09,R,8,0,policy_timeout,target_miss,policy_timeout;target_miss,0.287663,0.00036,0.000364,0,0,R,0.159439,0440de0dc0ff359a25a00f1c7a01cc010cafac9b91cc27e16c724248ac311723,10dbbe16da06b4013899e350fece05687abc8c45471b584ac5a2473a0e486dad,/cephfs/volumes/hpc_data_prj/eng_demt_robot_learning/45908032-a3fa-4719-9989-cd8d04c08f7a/polymetics_demt/rebuttal_dataset/simulation_control_group/policy_rollouts/C09/videos/case_08_execution_0.mp4
C09,R,9,1,success,success,,0.017327,0.0,0.000361,0,0,R,0.17997,0440de0dc0ff359a25a00f1c7a01cc010cafac9b91cc27e16c724248ac311723,10dbbe16da06b4013899e350fece05687abc8c45471b584ac5a2473a0e486dad,/cephfs/volumes/hpc_data_prj/eng_demt_robot_learning/45908032-a3fa-4719-9989-cd8d04c08f7a/polymetics_demt/rebuttal_dataset/simulation_control_group/policy_rollouts/C09/videos/case_09_execution_0.mp4
C10,R,0,0,policy_timeout,cylinder_topple,cylinder_toppled;policy_timeout;target_miss,0.873509,89.999903,179.873467,0,1,L,0.301409,6ad0a5d4532bfbacc2af6f69d2cb2dff9b0f1cce2f1675e5015b1b5cb17b7cfb,10dbbe16da06b4013899e350fece05687abc8c45471b584ac5a2473a0e486dad,/cephfs/volumes/hpc_data_prj/eng_demt_robot_learning/45908032-a3fa-4719-9989-cd8d04c08f7a/polymetics_demt/rebuttal_dataset/simulation_control_group/policy_rollouts/C10/videos/case_00_execution_0.mp4
C10,R,1,1,success,success,,0.035129,0.00019,0.000495,0,0,R,0.198368,6ad0a5d4532bfbacc2af6f69d2cb2dff9b0f1cce2f1675e5015b1b5cb17b7cfb,10dbbe16da06b4013899e350fece05687abc8c45471b584ac5a2473a0e486dad,/cephfs/volumes/hpc_data_prj/eng_demt_robot_learning/45908032-a3fa-4719-9989-cd8d04c08f7a/polymetics_demt/rebuttal_dataset/simulation_control_group/policy_rollouts/C10/videos/case_01_execution_0.mp4
C10,R,2,0,policy_timeout,target_miss,policy_timeout;target_miss,0.517509,0.000364,0.000376,0,0,indeterminate,0.263375,6ad0a5d4532bfbacc2af6f69d2cb2dff9b0f1cce2f1675e5015b1b5cb17b7cfb,10dbbe16da06b4013899e350fece05687abc8c45471b584ac5a2473a0e486dad,/cephfs/volumes/hpc_data_prj/eng_demt_robot_learning/45908032-a3fa-4719-9989-cd8d04c08f7a/polymetics_demt/rebuttal_dataset/simulation_control_group/policy_rollouts/C10/videos/case_02_execution_0.mp4
C10,R,3,1,success,success,,0.03858,6.9e-05,0.00038,0,0,R,0.195744,6ad0a5d4532bfbacc2af6f69d2cb2dff9b0f1cce2f1675e5015b1b5cb17b7cfb,10dbbe16da06b4013899e350fece05687abc8c45471b584ac5a2473a0e486dad,/cephfs/volumes/hpc_data_prj/eng_demt_robot_learning/45908032-a3fa-4719-9989-cd8d04c08f7a/polymetics_demt/rebuttal_dataset/simulation_control_group/policy_rollouts/C10/videos/case_03_execution_0.mp4
C10,R,4,1,success,success,,0.006762,2.7e-05,0.00038,0,0,R,0.145016,6ad0a5d4532bfbacc2af6f69d2cb2dff9b0f1cce2f1675e5015b1b5cb17b7cfb,10dbbe16da06b4013899e350fece05687abc8c45471b584ac5a2473a0e486dad,/cephfs/volumes/hpc_data_prj/eng_demt_robot_learning/45908032-a3fa-4719-9989-cd8d04c08f7a/polymetics_demt/rebuttal_dataset/simulation_control_group/policy_rollouts/C10/videos/case_04_execution_0.mp4
C10,R,5,0,policy_timeout,target_miss,policy_timeout;target_miss,0.135647,3.1e-05,0.000479,0,0,L,0.176824,6ad0a5d4532bfbacc2af6f69d2cb2dff9b0f1cce2f1675e5015b1b5cb17b7cfb,10dbbe16da06b4013899e350fece05687abc8c45471b584ac5a2473a0e486dad,/cephfs/volumes/hpc_data_prj/eng_demt_robot_learning/45908032-a3fa-4719-9989-cd8d04c08f7a/polymetics_demt/rebuttal_dataset/simulation_control_group/policy_rollouts/C10/videos/case_05_execution_0.mp4
C10,R,6,0,policy_timeout,cylinder_topple,cylinder_toppled;policy_timeout;target_miss,0.272126,89.999985,90.11264,0,507,L,0.038415,6ad0a5d4532bfbacc2af6f69d2cb2dff9b0f1cce2f1675e5015b1b5cb17b7cfb,10dbbe16da06b4013899e350fece05687abc8c45471b584ac5a2473a0e486dad,/cephfs/volumes/hpc_data_prj/eng_demt_robot_learning/45908032-a3fa-4719-9989-cd8d04c08f7a/polymetics_demt/rebuttal_dataset/simulation_control_group/policy_rollouts/C10/videos/case_06_execution_0.mp4
C10,R,7,1,success,success,,0.028134,8e-05,0.000495,0,0,R,0.198686,6ad0a5d4532bfbacc2af6f69d2cb2dff9b0f1cce2f1675e5015b1b5cb17b7cfb,10dbbe16da06b4013899e350fece05687abc8c45471b584ac5a2473a0e486dad,/cephfs/volumes/hpc_data_prj/eng_demt_robot_learning/45908032-a3fa-4719-9989-cd8d04c08f7a/polymetics_demt/rebuttal_dataset/simulation_control_group/policy_rollouts/C10/videos/case_07_execution_0.mp4
C10,R,8,1,success,success,,0.012917,0.00031,0.000347,0,0,R,0.147326,6ad0a5d4532bfbacc2af6f69d2cb2dff9b0f1cce2f1675e5015b1b5cb17b7cfb,10dbbe16da06b4013899e350fece05687abc8c45471b584ac5a2473a0e486dad,/cephfs/volumes/hpc_data_prj/eng_demt_robot_learning/45908032-a3fa-4719-9989-cd8d04c08f7a/polymetics_demt/rebuttal_dataset/simulation_control_group/policy_rollouts/C10/videos/case_08_execution_0.mp4
C10,R,9,1,success,success,,0.016144,8.3e-05,0.000347,0,1,R,0.186215,6ad0a5d4532bfbacc2af6f69d2cb2dff9b0f1cce2f1675e5015b1b5cb17b7cfb,10dbbe16da06b4013899e350fece05687abc8c45471b584ac5a2473a0e486dad,/cephfs/volumes/hpc_data_prj/eng_demt_robot_learning/45908032-a3fa-4719-9989-cd8d04c08f7a/polymetics_demt/rebuttal_dataset/simulation_control_group/policy_rollouts/C10/videos/case_09_execution_0.mp4
