t,dt,step,state_seq,control_mode,drive_mode,gripper_cmd,gripper_width,q0,q1,q2,q3,q4,q5,q6
0.0,0.0,0,0,takeover,cartesian_freedrive,-1.0,0.07999998929891343,-0.08515665839540687,-0.028518405932909354,-0.2560800370146921,-2.6014001525954766,0.1280570540375509,2.7349208456361804,0.33030480090428166
0.03333333333333333,0.03333333333333333,1,1,takeover,cartesian_freedrive,-1.0,0.07999999794731193,-0.08634016592051912,-0.03572040306607909,-0.2557840046098907,-2.60006416858704,0.12277202463779095,2.726769392433279,0.3343442473975534
0.06666666666666667,0.03333333333333333,2,2,takeover,cartesian_freedrive,-1.0,0.07999999800597635,-0.08770146754910946,-0.04400433260661349,-0.25544159747947537,-2.5985275236049046,0.11669304874466606,2.717393373610331,0.3389905246368556
0.1,0.03333333333333334,3,3,takeover,cartesian_freedrive,-1.0,0.07999999807718769,-0.08906362487152947,-0.05229346955830147,-0.25509896169073215,-2.5969899128350042,0.11061025155112363,2.708011460857283,0.3436397225831817
0.13333333333333333,0.033333333333333326,4,4,takeover,cartesian_freedrive,-1.0,0.07999999770716476,-0.09042584411016939,-0.060582632280163966,-0.2547562814384774,-2.5954522992495948,0.10452744623769208,2.6986295233945765,0.3482889285157699
0.16666666666666666,0.033333333333333326,5,5,takeover,cartesian_freedrive,-1.0,0.07999999774209016,-0.09178804351481659,-0.06887179485451032,-0.2544135991897731,-2.5939146853086674,0.09844463755084727,2.689247584284433,0.3529381364107417
0.2,0.033333333333333354,6,6,takeover,cartesian_freedrive,-1.0,0.07999999697177262,-0.09315033573870374,-0.07716095842333424,-0.25407085148525227,-2.5923770744536525,0.09236184575336374,2.6798656507623053,0.3575873341577465
0.23333333333333334,0.033333333333333326,7,7,takeover,cartesian_freedrive,-1.0,0.07999999741365604,-0.09451255138922392,-0.0854501210299616,-0.2537281568766602,-2.5908394611602974,0.08627904093115664,2.670483712324915,0.36223653947277484
0.26666666666666666,0.033333333333333326,8,8,takeover,cartesian_freedrive,-1.0,0.0799999973180221,-0.09587478346340907,-0.09373928375317277,-0.25338545553454705,-2.589301848351948,0.08019623940113026,2.6611017750481754,0.3668857426710737
0.3,0.033333333333333326,9,9,takeover,cartesian_freedrive,-1.0,0.07999999775551594,-0.09723686927072704,-0.10202844491708049,-0.25304290561391934,-2.5877642291281813,0.07411341043617799,2.6517198295206863,0.3715349624530751
0.3333333333333333,0.033333333333333326,10,10,takeover,cartesian_freedrive,-1.0,0.07999999757834084,-0.09859930268182865,-0.11031760952878207,-0.2527000037072623,-2.586226625426149,0.06803064938493265,2.64233790409273,0.376184140392859
0.36666666666666664,0.033333333333333326,11,11,takeover,cartesian_freedrive,-1.0,0.07999999865169288,-0.09979997117999762,-0.10717106133187161,-0.25084051708561134,-2.5859989259608183,0.07153949431946972,2.6451280617110715,0.37336461398179505
0.4,0.03333333333333338,12,12,takeover,cartesian_freedrive,-1.0,0.07999999771221625,-0.10118265443364322,-0.101559445709851,-0.24840510041898908,-2.585951258884192,0.07726721163637953,2.650444815349512,0.3688021398796294
0.43333333333333335,0.033333333333333326,13,13,takeover,cartesian_freedrive,-1.0,0.07999999835240781,-0.10256755422999507,-0.09594095786765572,-0.245966198925665,-2.5859035556745398,0.08300204935262029,2.6557681147497814,0.364234012356791
0.4666666666666667,0.033333333333333326,14,14,takeover,cartesian_freedrive,-1.0,0.07999999753888987,-0.1039519399256546,-0.09032243145797987,-0.243527800964094,-2.585855829928179,0.08873682105418512,2.6610914157088,0.35966591886659677
0.5,0.033333333333333326,15,15,takeover,cartesian_freedrive,-1.0,0.0799999980503657,-0.10533668927064568,-0.08470390880157992,-0.24108904148230326,-2.5858081194846716,0.0944716614646522,2.666414737411372,0.35509778362890254
0.5333333333333333,0.033333333333333326,16,16,takeover,cartesian_freedrive,-1.0,0.0799999986853017,-0.10672131718276863,-0.0790853848156735,-0.23865039527794474,-2.5857604042190565,0.10020647891221428,2.6717380522777834,0.3505296623486579
0.5666666666666667,0.033333333333333326,17,17,takeover,cartesian_freedrive,-1.0,0.07999999862351824,-0.10810604579464018,-0.07346686208873633,-0.23621165309766862,-2.585712692761754,0.10594131460867,2.6770613726358166,0.34596153023389287
0.6,0.033333333333333326,18,18,takeover,cartesian_freedrive,-1.0,0.07999999922223744,-0.10949096152090661,-0.06784834175635164,-0.23377272521780595,-2.585664988497038,0.11167618362464359,2.6823847046577796,0.34139337845993634
0.6333333333333333,0.033333333333333326,19,19,takeover,cartesian_freedrive,-1.0,0.07999999880251964,-0.11087553563573753,-0.06222981727552197,-0.23133414155406276,-2.585617270763046,0.11741099058171209,2.6877080162426,0.3368252636672429
0.6666666666666666,0.033333333333333326,20,20,takeover,cartesian_freedrive,-1.0,0.07999999874714503,-0.11226011102007578,-0.05661129277888534,-0.22889554151734898,-2.5855695535479204,0.1231457978929595,2.6930313278132196,0.3322571486493579
0.7,0.033333333333333326,21,21,takeover,cartesian_freedrive,-1.0,0.07999999901441832,-0.11364483166497909,-0.050992770203399776,-0.22645681541828938,-2.5855218414600465,0.1288806309371356,2.6983546486767094,0.3276890184562571
0.7333333333333333,0.033333333333333326,22,22,takeover,cartesian_freedrive,-1.0,0.07999999896668314,-0.11502945744312394,-0.04537424636826084,-0.2240181885305733,-2.585474125745554,0.13461544707527862,2.7036779635544144,0.323120898227131
0.7666666666666667,0.03333333333333344,23,23,takeover,cartesian_freedrive,-1.0,0.07999999886756254,-0.1164140776288502,-0.03975572252208443,-0.2215795341734549,-2.585426410569555,0.1403502623360614,2.7090012779878805,0.3185527785797659
0.8,0.033333333333333326,24,24,takeover,cartesian_freedrive,-1.0,0.07999999879798193,-0.11779869780834433,-0.03413719859657529,-0.21914092310025365,-2.585378694563642,0.14608507745070712,2.7143245925094557,0.31398465893841326
0.8333333333333334,0.033333333333333326,25,25,takeover,cartesian_freedrive,-1.0,0.07999999869783511,-0.11918331799905746,-0.02851867475072199,-0.21670226856900893,-2.585330979514154,0.15181989271757135,2.7196479069363817,0.3094165392950026
0.8666666666666667,0.033333333333333326,26,26,takeover,cartesian_freedrive,-1.0,0.07999999860586769,-0.12056793820617226,-0.022900150871988007,-0.21426363251564418,-2.585283264148616,0.1575547079259934,2.724971221398784,0.30484841965301396
0.9,0.033333333333333326,27,27,takeover,cartesian_freedrive,-1.0,0.0799999985321957,-0.12195255842167474,-0.01728162695551427,-0.21182501846182752,-2.5852355483983844,0.16328952305925507,2.730294535905877,0.3002803000127303
0.9333333333333333,0.033333333333333326,28,28,takeover,cartesian_freedrive,-1.0,0.07999999843281763,-0.12333717866111578,-0.011663103086792147,-0.2093863774933377,-2.585187833257583,0.16902433829364022,2.7356178503520567,0.29571218037143937
0.9666666666666667,0.033333333333333326,29,29,takeover,cartesian_freedrive,-1.0,0.07999999833291499,-0.12472179891859976,-0.006044579215725729,-0.20694773802898428,-2.5851401181473572,0.17475915352793103,2.740941164798584,0.2911440607307932
1.0,0.033333333333333326,30,30,takeover,cartesian_freedrive,-1.0,0.07999999823297102,-0.1261064191935978,-0.00042605534109996555,-0.20450910082326904,-2.5850924030516307,0.1804939687591101,2.74626447924709,0.28657594109082907
1.0333333333333334,0.03333333333333344,31,31,takeover,cartesian_freedrive,-1.0,0.0799999981332307,-0.12749103948560522,0.005192468536996809,-0.20207046588154293,-2.5850446879689972,0.1862287839868079,2.7515877936976105,0.282007821451538
1.0666666666666667,0.033333333333333215,32,32,takeover,cartesian_freedrive,-1.0,0.07999999803393859,-0.12887565979395668,0.010810992418469204,-0.19963183319700334,-2.584996972897749,0.191963599210668,2.7569111081501765,0.27743970181290634
1.1,0.03333333333333344,33,33,takeover,cartesian_freedrive,-1.0,0.07999999793533827,-0.1302602801178261,0.016429516303220683,-0.19719320275410165,-2.584949257835825,0.19769841443033553,2.762234422604826,0.2728715821749162
1.1333333333333333,0.033333333333333215,34,34,takeover,cartesian_freedrive,-1.0,0.07999999783650913,-0.1316449004570451,0.02204804019041606,-0.19475457406762325,-2.5849015427906092,0.20343322964741398,2.7675577370603457,0.26830346253752724
1.1666666666666667,0.03333333333333344,35,35,takeover,cartesian_freedrive,-1.0,0.07999999773985887,-0.13302952080921665,0.027666564081229025,-0.19231594788997264,-2.584853827742982,0.20916804485826598,2.7728810515189486,0.26373534290075246
1.2,0.033333333333333215,36,36,takeover,cartesian_freedrive,-1.0,0.07999999761072069,-0.1344141412261994,0.033285087937450414,-0.18987729918059712,-2.5848061132324127,0.21490286017198448,2.7782043659235756,0.25916722326428354
1.2333333333333334,0.03333333333333344,37,37,takeover,cartesian_freedrive,-1.0,0.07999999749766781,-0.13579876162282556,0.03890361182520935,-0.187438671031558,-2.5847583983287774,0.22063767540230408,2.7835276803691213,0.25459910362873495
1.2666666666666666,0.033333333333333215,38,38,takeover,cartesian_freedrive,-1.0,0.0799999973858544,-0.1371833820463301,0.04452213570819394,-0.185000039469825,-2.5847106835473483,0.22637249065300383,2.788850994806591,0.2500309839938357
1.3,0.03333333333333344,39,39,takeover,cartesian_freedrive,-1.0,0.07999999726708037,-0.13856800249652065,0.050140659588289865,-0.18256140568232437,-2.5846629688624088,0.23210730591968168,2.794174309235624,0.24546286435962475
1.3333333333333333,0.033333333333333215,40,40,takeover,cartesian_freedrive,-1.0,0.07999999713237846,-0.13995262297727104,0.05575918346512658,-0.1801227692575038,-2.584615254284366,0.23784212120512607,2.799497623653567,0.24089474472623107
1.3666666666666667,0.03333333333333344,41,41,takeover,cartesian_freedrive,-1.0,0.07999999701690749,-0.1413372434687393,0.06137770734776062,-0.17768413614781578,-2.5845675396744716,0.24357693648116685,2.8048209380799953,0.23632662509342156
1.4,0.033333333333333215,42,42,takeover,cartesian_freedrive,-1.0,0.07999999688288734,-0.14272186397952832,0.06699623123198717,-0.1752455038048007,-2.5845198250873054,0.2493117517591872,2.8101442525003884,0.23175850546150198
1.4333333333333333,0.03333333333333344,43,43,takeover,cartesian_freedrive,-1.0,0.07999999675386554,-0.14410648449359323,0.07261475512301914,-0.17280687575042206,-2.5844721104343136,0.2550465670211091,2.815467566928066,0.2271903858302031
1.4666666666666666,0.033333333333333215,44,44,takeover,cartesian_freedrive,-1.0,0.07999999660901963,-0.14549110507271482,0.07823327900141687,-0.17036823718207766,-2.5844243960771465,0.260781382343956,2.8207908813307285,0.22262226619998232
1.5,0.03333333333333344,45,45,takeover,cartesian_freedrive,-1.0,0.07999999644594637,-0.14687572570240154,0.08385180287457744,-0.16792959340252941,-2.5843766818929104,0.26651619770218316,2.826114195714677,0.2180541465711113
1.5333333333333334,0.03333333333333344,46,46,takeover,cartesian_freedrive,-1.0,0.07999999629768773,-0.14826034631895818,0.08947032676025887,-0.1654909576940756,-2.5843289675439407,0.27225101302508664,2.831437510116398,0.2134860269426291
1.5666666666666667,0.033333333333333215,47,47,takeover,cartesian_freedrive,-1.0,0.07999999616533372,-0.14964496687961837,0.09508885066559404,-0.16305233642420708,-2.5842812528473416,0.2779858282731223,2.836760824548742,0.20891790731413434
1.6,0.03333333333333344,48,48,takeover,cartesian_freedrive,-1.0,0.07999999597608506,-0.15102958762278187,0.10070737453741554,-0.1606136862821469,-2.5842335389467426,0.2837206436914929,2.842084138905955,0.204349787688736
1.6333333333333333,0.033333333333333215,49,49,takeover,cartesian_freedrive,-1.0,0.0799999958450684,-0.1524142082019895,0.10632589844944232,-0.1581750676327855,-2.584185824223908,0.2894554589339393,2.8474074533392497,0.1997816680616221
1.6666666666666667,0.03333333333333344,50,50,takeover,cartesian_freedrive,-1.0,0.07999999565951675,-0.15379882894886487,0.11194442233614593,-0.15573642538157037,-2.584138110174944,0.2951902743223976,2.8527307677101166,0.19521354843753716
1.7,0.033333333333333215,51,51,takeover,cartesian_freedrive,-1.0,0.07999999547887221,-0.15518344967668338,0.1175629462330221,-0.15329778972844274,-2.5840903959680426,0.3009250896775331,2.8580540820906633,0.1906454288142256
1.7333333333333334,0.03333333333333344,52,52,takeover,cartesian_freedrive,-1.0,0.07999999534636437,-0.15656807030138034,0.12318147015131511,-0.1508591706798601,-2.584042681299359,0.30665990493544326,2.8633773965193887,0.18607730918902657
1.7666666666666666,0.033333333333333215,53,53,takeover,cartesian_freedrive,-1.0,0.07999999509905119,-0.15795269121825406,0.12879999403400977,-0.1484205160724328,-2.5839949676949017,0.3123947204247047,2.868700710838651,0.18150918957072565
1.8,0.03333333333333344,54,54,takeover,cartesian_freedrive,-1.0,0.07999999499239635,-0.15933731179755506,0.13441851796680993,-0.14598190594010196,-2.583947252774462,0.3181295356319664,2.874024025288234,0.17694106994561962
1.8333333333333333,0.033333333333333215,55,55,takeover,cartesian_freedrive,-1.0,0.07999999470536001,-0.16072193281536618,0.14003704185317206,-0.1435432464851363,-2.583899539376868,0.3238643511720497,2.879347339583086,0.17237295033109123
1.8666666666666667,0.03333333333333344,56,56,takeover,cartesian_freedrive,-1.0,0.07999999460424209,-0.16210655336288843,0.1456555657961175,-0.14110464174001985,-2.583851824282341,0.3295991663453725,2.8846706540410554,0.16780483070681126
1.9,0.033333333333333215,57,57,takeover,cartesian_freedrive,-1.0,0.07999999425879566,-0.16349117458752785,0.15127408967939995,-0.13866596729875283,-2.5838041114230106,0.33533398201192216,2.889993968283439,0.1632367110980695
1.9333333333333333,0.03333333333333344,58,58,takeover,cartesian_freedrive,-1.0,0.07999999419899777,-0.16487579500442237,0.1568926136402972,-0.13622737677219618,-2.5837563958467404,0.34106879708481813,2.8953172827807574,0.1586685914720848
1.9666666666666666,0.033333333333333215,59,59,takeover,cartesian_freedrive,-1.0,0.07999999387465416,-0.16626041620820517,0.16251113754285418,-0.1337887110216146,-2.5837086827559648,0.3468036127101955,2.900640597041212,0.15410047186442316
2.0,0.03333333333333344,60,60,takeover,cartesian_freedrive,-1.0,0.07999999377559325,-0.1676450367004208,0.16812966150248645,-0.13135011281543768,-2.5836609673908657,0.3525384278353362,2.9059639115108413,0.14953235224140277
2.033333333333333,0.033333333333333215,61,61,takeover,cartesian_freedrive,-1.0,0.07999999343160696,-0.1690296579809823,0.17374818541700546,-0.1289114459060427,-2.5836132543812815,0.35827324348949385,2.9112872257575524,0.1449642326373019
2.066666666666667,0.03333333333333366,62,62,takeover,cartesian_freedrive,-1.0,0.0799999932810441,-0.17041427864569184,0.1793667093742325,-0.12647283331806827,-2.583565539481822,0.3640080587272213,2.9166105401804248,0.1403961130189784
2.1,0.033333333333333215,63,63,takeover,cartesian_freedrive,-1.0,0.0799999929838257,-0.1717988997544323,0.18498523331405367,-0.12403418544748915,-2.5835178258253815,0.36974287424685404,2.921933854476448,0.1358279934132496
2.1333333333333333,0.033333333333333215,64,64,takeover,cartesian_freedrive,-1.0,0.07999999273995222,-0.17318352071684895,0.19060375726849982,-0.12159555083594595,-2.5834701116951457,0.37547768966750145,2.927257168819738,0.13125987380364135
2.1666666666666665,0.033333333333333215,65,65,takeover,cartesian_freedrive,-1.0,0.07999999249415402,-0.17456814163928902,0.19622228122985869,-0.11915692022016064,-2.5834223974054713,0.38121250505471654,2.932580483165506,0.12669175419531664
2.2,0.03333333333333366,66,66,takeover,cartesian_freedrive,-1.0,0.07999999221494587,-0.17595276273271315,0.2018408051935397,-0.11671827836523557,-2.5833746835299976,0.3869473205445886,2.9379037974757654,0.1221236345908015
2.2333333333333334,0.033333333333333215,67,67,takeover,cartesian_freedrive,-1.0,0.07999999197775111,-0.1773373835864134,0.2074593291691658,-0.11427965417861578,-2.5833269689690828,0.39268213588051754,2.943227111837711,0.11755551498250408
2.2666666666666666,0.033333333333333215,68,68,takeover,cartesian_freedrive,-1.0,0.07999999167486067,-0.17872200475523248,0.2130778531461906,-0.11184100959973459,-2.5832792551810213,0.39841695140291034,2.9485504261296342,0.11298739538188227
2.3,0.033333333333333215,69,69,takeover,cartesian_freedrive,-1.0,0.079999991435454,-0.18010662557747673,0.21869637713423565,-0.10940238833873184,-2.583231540462397,0.4041517667130028,2.9538737404963955,0.1084192757745675
2.3333333333333335,0.03333333333333366,70,70,takeover,cartesian_freedrive,-1.0,0.07999999105490413,-0.1814912469715676,0.22431490112596145,-0.10696373221528978,-2.5831838271144174,0.40988658235100744,2.9591970547334405,0.10385115618247728
2.3666666666666667,0.033333333333333215,71,71,takeover,cartesian_freedrive,1.0,0.07733333859555565,-0.18167285276595055,0.22505179699016287,-0.10664351237322742,-2.5831775862475137,0.4106387362394649,2.9598952356581174,0.10325202533215493
2.4,0.033333333333333215,72,72,takeover,cartesian_freedrive,1.0,0.07466668581613675,-0.18167372629658407,0.22505534371012456,-0.10664200543596515,-2.5831775548290636,0.4106423561989548,2.9598985961219753,0.10324914168158605
2.433333333333333,0.033333333333333215,73,73,takeover,cartesian_freedrive,1.0,0.07200006018229094,-0.18167371243744573,0.2250553639869956,-0.10664346500358038,-2.5831775088167785,0.41064235008778677,2.959898559672312,0.10324906775394119
2.466666666666667,0.03333333333333366,74,74,takeover,cartesian_freedrive,1.0,0.06933326889676639,-0.1816736877156343,0.22505536147055374,-0.1066446150049842,-2.583177436316945,0.41064232382379395,2.9598986612240736,0.10324914608714697
2.5,0.033333333333333215,75,75,takeover,cartesian_freedrive,1.0,0.06666614147079372,-0.18167366637376073,0.22505536450613706,-0.10664483101667052,-2.5831774199468143,0.4106422511575928,2.95989865217356,0.10324897456266971
2.533333333333333,0.033333333333333215,76,76,takeover,cartesian_freedrive,1.0,0.06399896166469576,-0.1816736602020942,0.22505536656087968,-0.10664493760247372,-2.5831774119837463,0.41064221353550695,2.959898661895977,0.10324887106119802
2.566666666666667,0.03333333333333366,77,77,takeover,cartesian_freedrive,1.0,0.06133190121934986,-0.18167365436333632,0.22505536859127265,-0.10664501616963191,-2.5831774044721896,0.41064217809865117,2.9598986662930904,0.10324877086496523
2.6,0.033333333333333215,78,78,takeover,cartesian_freedrive,1.0,0.05866488956046055,-0.18167364849166612,0.22505537055771832,-0.1066450962458436,-2.5831773972444925,0.41064213617796463,2.9598986669275695,0.1032486535962105
2.6333333333333333,0.033333333333333215,79,79,takeover,cartesian_freedrive,1.0,0.05599794174776206,-0.18167363953488688,0.22505537274458826,-0.1066450932020499,-2.583177387445217,0.4106420848238122,2.9598986746183567,0.10324854459100358
2.6666666666666665,0.033333333333333215,80,80,takeover,cartesian_freedrive,1.0,0.05333091748081781,-0.18167363612106466,0.22505537404143328,-0.1066451490641705,-2.5831773818628703,0.41064206554610705,2.9598986808033714,0.10324850285721376
2.7,0.03333333333333366,81,81,takeover,cartesian_freedrive,1.0,0.050663966972548644,-0.18167363339386136,0.22505537444616397,-0.10664518085917661,-2.5831773790318087,0.41064205290201744,2.959898679464672,0.10324846991015818
2.7333333333333334,0.033333333333333215,82,82,takeover,cartesian_freedrive,1.0,0.04799685614965628,-0.18167362675244392,0.22505537443606957,-0.10664521317682457,-2.5831773699580913,0.41064202691010165,2.9598986885613763,0.10324841419266328
2.7666666666666666,0.033333333333333215,83,83,takeover,cartesian_freedrive,1.0,0.04532987447657894,-0.1816736245092812,0.22505537381040708,-0.10664524669214487,-2.5831773650510494,0.4106420278103626,2.9598986953181794,0.1032484345481748
2.8,0.033333333333333215,84,84,takeover,cartesian_freedrive,1.0,0.04266282947113134,-0.1816736222761877,0.2250553735090428,-0.10664528022359637,-2.583177357033641,0.41064202393044824,2.9598987153362204,0.10324843467146677
2.8333333333333335,0.03333333333333366,85,85,takeover,cartesian_freedrive,1.0,0.039995832494034114,-0.1816736172544446,0.2250553728980406,-0.10664532929828315,-2.5831773508476723,0.4106420268371681,2.9598987228513636,0.10324849973724376
2.8666666666666667,0.033333333333333215,86,86,takeover,cartesian_freedrive,1.0,0.03732891899187604,-0.1816736136677547,0.22505537242692186,-0.10664538357761283,-2.5831773407734504,0.41064202826465496,2.959898743287908,0.10324855449083123
2.9,0.033333333333333215,87,87,takeover,cartesian_freedrive,1.0,0.03466214922865269,-0.18167360938024357,0.22505537150246024,-0.10664544114772598,-2.5831773294434592,0.4106420254555529,2.959898762666522,0.10324860485064165
2.933333333333333,0.033333333333333215,88,88,takeover,cartesian_freedrive,1.0,0.031995119132033165,-0.18167360707798955,0.22505537271167278,-0.10664551598614529,-2.5831773344121745,0.41064202650255716,2.959898755060977,0.103248548690481
2.966666666666667,0.03333333333333366,89,89,takeover,cartesian_freedrive,1.0,0.029328093659994812,-0.18167360272997377,0.22505537172066947,-0.10664558209744565,-2.5831773254185575,0.41064203436251195,2.9598987669348658,0.10324863028248535
3.0,0.033333333333333215,90,90,takeover,cartesian_freedrive,1.0,0.026661171048123187,-0.18167359961854607,0.22505537104420667,-0.10664565137368567,-2.5831773176429054,0.41064204544325994,2.959898779296852,0.10324871159924445
3.033333333333333,0.033333333333333215,91,91,takeover,cartesian_freedrive,1.0,0.023994322323133976,-0.1816735967782601,0.22505537059045588,-0.10664572668152136,-2.583177310578309,0.41064205780775265,2.9598987902471645,0.10324879434823636
3.066666666666667,0.03333333333333366,92,92,takeover,cartesian_freedrive,1.0,0.021327508276176188,-0.18167359413550058,0.2250553702711482,-0.1066458067482945,-2.583177303709562,0.4106420707634005,2.9598988002818074,0.10324887835917297
3.1,0.033333333333333215,93,93,takeover,cartesian_freedrive,1.0,0.018660707278292575,-0.18167359165395802,0.2250553699767627,-0.1066458881989601,-2.5831772966518307,0.41064208398499885,2.9598988102234256,0.10324896379404352
3.1333333333333333,0.033333333333333215,94,94,takeover,cartesian_freedrive,1.0,0.015993908101242196,-0.18167358908380404,0.22505536797178716,-0.10664592314488437,-2.5831772831934976,0.41064209496707293,2.9598988394283965,0.10324907719647747
3.1666666666666665,0.033333333333333215,95,95,takeover,cartesian_freedrive,1.0,0.013327185486022273,-0.18167358481829107,0.2250553665702759,-0.10664599333399727,-2.5831772737372636,0.41064210729922085,2.9598988481453814,0.10324918435323009
3.2,0.03333333333333366,96,96,takeover,cartesian_freedrive,1.0,0.010698342332206168,-0.18167361981276112,0.2250553797914588,-0.10664593678714744,-2.583177285099876,0.41064213294631347,2.959898825831901,0.10324924756926279
3.2333333333333334,0.033333333333333215,97,97,takeover,cartesian_freedrive,1.0,0.00915374683869466,-0.18167372640622534,0.22505540409583277,-0.10664404381974173,-2.583177425905254,0.4106421960401256,2.9598986319618446,0.10324901193825985
3.2666666666666666,0.033333333333333215,98,98,takeover,cartesian_freedrive,1.0,0.008582036555228836,-0.18167373149826305,0.2250554059239082,-0.1066439038592743,-2.5831774365211024,0.41064220524400447,2.9598986126990865,0.10324902743472739
3.3,0.033333333333333215,99,99,takeover,cartesian_freedrive,1.0,0.008370699456805145,-0.18167373474859486,0.22505540788626402,-0.10664385791061513,-2.5831774411040413,0.41064221169538845,2.9598986017287863,0.10324905321528934
3.3333333333333335,0.03333333333333366,100,100,takeover,cartesian_freedrive,1.0,0.008292594326717813,-0.18167373498630568,0.22505540790807232,-0.10664384991160382,-2.5831774414665665,0.4106422125809395,2.95989860122732,0.10324905596228108
3.3666666666666667,0.033333333333333215,101,101,takeover,cartesian_freedrive,1.0,0.008268075521772476,-0.18214079580699655,0.2210618812579317,-0.106657285128971,-2.582255322536143,0.4078398321996222,2.9550860794561946,0.1055673455844548
3.4,0.033333333333333215,102,102,takeover,cartesian_freedrive,1.0,0.008262713439499662,-0.18267803486299317,0.21646842182554438,-0.10667236381173373,-2.581194689882445,0.4046164380841956,2.9495505889030675,0.1082337766562586
3.433333333333333,0.033333333333333215,103,103,takeover,cartesian_freedrive,1.0,0.008264695458407686,-0.1832155844811487,0.2118720756053402,-0.10668747922141021,-2.5801333885556823,0.40139100978184983,2.944011608565897,0.11090190095467327
3.466666666666667,0.03333333333333366,104,104,takeover,cartesian_freedrive,1.0,0.0082694142211564,-0.18375314091914283,0.2072757153493619,-0.10670258654393841,-2.5790720845619743,0.3981655738380059,2.938472613517348,0.11357003233041467
3.5,0.033333333333333215,105,105,takeover,cartesian_freedrive,1.0,0.008275167920923195,-0.18429070012047316,0.20267935495318484,-0.10671768795911385,-2.578010780904744,0.39494013898718855,2.9329336194390314,0.11623816339494794
3.533333333333333,0.033333333333333215,106,106,takeover,cartesian_freedrive,1.0,0.008281328291982968,-0.18482825945432546,0.19808299455161052,-0.10673278708016562,-2.576949477363386,0.3917147043618007,2.9273946254418903,0.11890629495902218
3.566666666666667,0.03333333333333366,107,107,takeover,cartesian_freedrive,1.0,0.01681470130518677,-0.18536581764448418,0.19348663401817714,-0.10674772342125408,-2.5758881734530803,0.3884891840729828,2.9218556259939357,0.12157405979056023
3.6,0.033333333333333215,108,108,takeover,cartesian_freedrive,1.0,0.02155550680248676,-0.18590336893545004,0.18889027343871675,-0.10676280277315946,-2.5748268652970445,0.3852636837624937,2.916316676249896,0.12424204444339067
3.6333333333333333,0.033333333333333215,109,109,takeover,cartesian_freedrive,1.0,0.023321219773424037,-0.18644093178636065,0.18429391290006672,-0.10677780363685195,-2.5737655619923956,0.38203821451182024,2.9107776663459055,0.12690999786627805
3.6666666666666665,0.033333333333333215,110,110,takeover,cartesian_freedrive,1.0,0.02398576390224985,-0.18697849653250584,0.17969755241477972,-0.10679282518657333,-2.5727042613052635,0.37881278752427905,2.905238661346312,0.12957813050211814
3.7,0.03333333333333366,111,111,takeover,cartesian_freedrive,1.0,0.02424267566699778,-0.1875160597505713,0.1751011919429545,-0.10680786416507582,-2.5716429598864474,0.3755873572358237,2.89969966441297,0.1322462687947368
3.7333333333333334,0.033333333333333215,112,112,takeover,cartesian_freedrive,1.0,0.024348896619660436,-0.188053622197307,0.17050483147505296,-0.10682291872178172,-2.570581657618325,0.37236192226630105,2.894160670344256,0.13491439516990755
3.7666666666666666,0.033333333333333215,113,113,takeover,cartesian_freedrive,1.0,0.02439927078875402,-0.18859118405203829,0.16590847102923215,-0.10683801358632046,-2.5695203538044242,0.36913648486376294,2.8886216776020417,0.13758251550700115
3.8,0.033333333333333215,114,114,takeover,cartesian_freedrive,1.0,0.02442841956148551,-0.1891287458024699,0.16131211058513892,-0.10685310888494433,-2.56845904992206,0.36591104663955765,2.8830826853162073,0.14025063407249222
3.8333333333333335,0.03333333333333366,115,115,takeover,cartesian_freedrive,1.0,0.02444956488478135,-0.1896663075311382,0.15671575014214062,-0.10686820417982468,-2.5673977460369266,0.36268560823487433,2.877543693253805,0.14291875282122005
3.8666666666666667,0.033333333333333215,116,116,takeover,cartesian_freedrive,1.0,0.02446758120823213,-0.19020386926629587,0.15211938970015065,-0.10688329971168328,-2.566336442161933,0.35946016991548013,2.8720047013194256,0.14558687257378325
3.9,0.033333333333333215,117,117,takeover,cartesian_freedrive,1.0,0.024484264266407874,-0.19074143102037333,0.1475230292589272,-0.10689839555449127,-2.5652751383051005,0.35623473180346266,2.8664657094693644,0.14825499370380124
3.933333333333333,0.033333333333333215,118,118,takeover,cartesian_freedrive,1.0,0.02450344442901477,-0.1912789915883041,0.14292666889843916,-0.1069136346035067,-2.564213829619104,0.35300928938922965,2.8609267201746094,0.1509231053541249
3.966666666666667,0.03333333333333366,119,119,takeover,cartesian_freedrive,1.0,0.024517017084949536,-0.19181655340993434,0.13833030845378297,-0.10692873709061024,-2.5631525257148575,0.3497838519537881,2.8553877285810767,0.15359122971786954
4.0,0.033333333333333215,120,120,takeover,cartesian_freedrive,1.0,0.024531509788745607,-0.19235411525896273,0.13373394800571903,-0.10694383857002475,-2.562091221860789,0.3465584150122752,2.8498487369163916,0.15625935639333435
4.033333333333333,0.033333333333333215,121,121,takeover,cartesian_freedrive,1.0,0.0245461514875798,-0.19289167714860103,0.12913758755740773,-0.10695894026879106,-2.5610299180525584,0.34333297848922795,2.844309745248161,0.15892748491655911
4.066666666666666,0.033333333333333215,122,122,takeover,cartesian_freedrive,1.0,0.024560657652997826,-0.19342923907819526,0.12454122710856956,-0.1069740421119271,-2.5599686142950198,0.34010754239769336,2.838770753575085,0.16159561532105116
4.1,0.033333333333333215,123,123,takeover,cartesian_freedrive,1.0,0.024574920764026682,-0.19396680104807096,0.11994486665889324,-0.10698914402810171,-2.558907310592979,0.3368821067583398,2.8332317618870504,0.16426374764027465
4.133333333333334,0.0333333333333341,124,124,takeover,cartesian_freedrive,1.0,0.024588898670144098,-0.19450436305867003,0.11534850620806895,-0.10700424595594137,-2.557846006950605,0.3336566715915226,2.827692770169356,0.1669318818867138
4.166666666666667,0.033333333333333215,125,125,takeover,cartesian_freedrive,1.0,0.02460257336371624,-0.1950419251101883,0.11075214575578284,-0.10701934782635086,-2.5567847033716946,0.33043123691398274,2.8221537784048585,0.16960001804536018
4.2,0.033333333333333215,126,126,takeover,cartesian_freedrive,1.0,0.024615935762496134,-0.19557948720240562,0.10615578530172842,-0.10703444956765211,-2.555723399859417,0.32720580273784056,2.8166147865747724,0.17226815607193485
4.233333333333333,0.033333333333333215,127,127,takeover,cartesian_freedrive,1.0,0.024628980104006357,-0.19611704933459653,0.10155942484561573,-0.10704955110805742,-2.554662096416156,0.3239803690698625,2.8110757946591605,0.17493629589146795
4.266666666666667,0.033333333333333215,128,128,takeover,cartesian_freedrive,1.0,0.02464170188684185,-0.19665461150545493,0.09696306438717482,-0.10706465237075517,-2.5536007930435085,0.320754935910082,2.805536802637562,0.17760443739518528
4.3,0.033333333333333215,129,129,takeover,cartesian_freedrive,1.0,0.02465409712451415,-0.19719217371305184,0.09236670392616536,-0.10707975327651675,-2.5525394897421583,0.3175295032513734,2.799997810489493,0.1802725804408429
4.333333333333333,0.033333333333333215,130,130,takeover,cartesian_freedrive,1.0,0.024666162089985788,-0.19772973595481477,0.08777034346239068,-0.10709485375171172,-2.551478186511643,0.31430407107942726,2.7944588181948737,0.18294072485447563
4.366666666666666,0.033333333333333215,131,131,takeover,cartesian_freedrive,1.0,0.024677893232744125,-0.19826729822752265,0.08317398299569725,-0.10710995372036568,-2.5504168833505165,0.31107863937196717,2.788919825734806,0.18560887043094565
4.4,0.0333333333333341,132,132,takeover,cartesian_freedrive,1.0,0.024689287162075618,-0.19880486052732874,0.07857762252598313,-0.10712505310849273,-2.54935558025628,0.3078532080990749,2.783380833092157,0.18827701693821158
4.433333333333334,0.033333333333333215,133,133,takeover,cartesian_freedrive,1.0,0.02470034064980357,-0.19934242284980488,0.07398126205320035,-0.10714015184340761,-2.5482942772254673,0.3046277772235389,2.7778418402522753,0.19094516412250012
4.466666666666667,0.033333333333333215,134,134,takeover,cartesian_freedrive,1.0,0.024711050641316443,-0.1998799851900373,0.06938490157736144,-0.10715524985988326,-2.5472329742536393,0.3014023467020896,2.7723028472032896,0.19361331171534596
4.5,0.033333333333333215,135,135,takeover,cartesian_freedrive,1.0,0.024721414262444986,-0.20041754754271404,0.0647885410985339,-0.10717034709642655,-2.5461716713356104,0.29817691648616346,2.766763853936788,0.19628145944068748
4.533333333333333,0.033333333333333215,136,136,takeover,cartesian_freedrive,1.0,0.024731428816138157,-0.2009551099022529,0.06019218061683682,-0.10718544349660275,-2.545110368465624,0.2949514865234243,2.7612248604481175,0.19894960702341535
4.566666666666666,0.033333333333333215,137,137,takeover,cartesian_freedrive,1.0,0.02474109177812686,-0.2014926722629436,0.055595820132435525,-0.1072005390105778,-2.5440490656375188,0.2917260567594049,2.7556858667364788,0.20161775419757566
4.6,0.033333333333333215,138,138,takeover,cartesian_freedrive,1.0,0.024750400782033048,-0.20203023461908953,0.05099945964553022,-0.10721563359307498,-2.5429877628449926,0.2885006271390839,2.7501468728050096,0.20428590071432945
4.633333333333334,0.0333333333333341,139,139,takeover,cartesian_freedrive,1.0,0.024759353599114336,-0.20256779696515012,0.0464030991563482,-0.10723072720510239,-2.541926460081752,0.2852751976084436,2.744607878660524,0.2069540463482499
4.666666666666667,0.033333333333333215,140,140,takeover,cartesian_freedrive,1.0,0.024767948125079122,-0.20310535929586823,0.0418067386651378,-0.10724581981650544,-2.540865157341596,0.2820497681156684,2.7390688843130917,0.20962219090138276
4.7,0.033333333333333215,141,141,takeover,cartesian_freedrive,1.0,0.024776182350388722,-0.20364292160638292,0.03721037817215304,-0.1072609114007865,-2.5398038546186648,0.27882433861209144,2.733529889775716,0.21229033420658566
4.733333333333333,0.033333333333333215,142,142,takeover,cartesian_freedrive,1.0,0.02478405433664549,-0.20418048389231877,0.032614017677648724,-0.1072760019367987,-2.53874255190747,0.2755989090527304,2.7279908950637264,0.2149584761277088
4.766666666666667,0.033333333333333215,143,143,takeover,cartesian_freedrive,1.0,0.024791562194836927,-0.2047180461498516,0.028017657181875932,-0.10729109140850392,-2.537681249202908,0.27237347939641143,2.7224519001941707,0.2176266165579663
4.8,0.033333333333333215,144,144,takeover,cartesian_freedrive,1.0,0.024798706080134028,-0.20525560836254325,0.02342129669047365,-0.10730618024161939,-2.536619946436949,0.2691480494310402,2.716912905196222,0.22029475537548462
4.833333333333333,0.033333333333333215,145,145,takeover,cartesian_freedrive,1.0,0.02480548119990245,-0.2057931705545131,0.018824936193745808,-0.10732126810278914,-2.5355586437118,0.26592261945216994,2.7113739100689593,0.2229628926003222
4.866666666666666,0.033333333333333215,146,146,takeover,cartesian_freedrive,1.0,0.024811886108831598,-0.20633073271145239,0.014228575696487309,-0.10733635478036506,-2.5344973409893794,0.2626971892827853,2.7058349148387157,0.2256310281514122
4.9,0.0333333333333341,147,147,takeover,cartesian_freedrive,1.0,0.024817919354103216,-0.20686829483094624,0.00963221519891469,-0.10735144031781135,-2.533436038257499,0.2594717588797363,2.700295919524514,0.22829916199391398
4.933333333333334,0.033333333333333215,148,148,takeover,cartesian_freedrive,1.0,0.024823579172655142,-0.20740585691218966,0.005035854701279775,-0.10736652474167355,-2.532374735511608,0.2562463282126234,2.69475692414364,0.23096729409795952
4.966666666666667,0.033333333333333215,149,149,takeover,cartesian_freedrive,1.0,0.0248288636939981,-0.2079434189549556,0.0004394942038480875,-0.10738160807305928,-2.5313134327476363,0.2530208972510009,2.6892179287120563,0.23363542443182
5.0,0.033333333333333215,150,150,takeover,cartesian_freedrive,1.0,0.024833770996060902,-0.2084809809595155,-0.004156866293097236,-0.10739669033393202,-2.5302521299615375,0.24979546596350868,2.6836789332441975,0.23630355295786623
5.033333333333333,0.033333333333333215,151,151,takeover,cartesian_freedrive,1.0,0.02483829912079629,-0.20901854292658584,-0.008753226789250987,-0.10741177154868464,-2.529190827149221,0.24657003431768112,2.67813993775282,0.23897167963019947
5.066666666666666,0.033333333333333215,152,152,takeover,cartesian_freedrive,1.0,0.024842446076897076,-0.209556104857269,-0.013349587284283877,-0.1074268517457427,-2.5281295243065545,0.2433446022802951,2.672600942248955,0.24163980439467372
5.1,0.033333333333333215,153,153,takeover,cartesian_freedrive,1.0,0.024846209837901305,-0.21009366675298816,-0.017945947777845923,-0.10744193095902828,-2.5270682214294373,0.2401191698183674,2.6670619467419523,0.2443079271917985
5.133333333333334,0.0333333333333341,154,154,takeover,cartesian_freedrive,1.0,0.02484958833954024,-0.21063122861541636,-0.022542308269578353,-0.10745700922735264,-2.5260069185139753,0.23689373690083634,2.661522951239624,0.24697604796263
5.166666666666667,0.033333333333333215,155,155,takeover,cartesian_freedrive,1.0,0.02485258058145306,-0.21116879045693113,-0.027138668750704708,-0.10747208684309209,-2.5249456154960774,0.2336683032856013,2.6559839557611062,0.2496441666322438
5.2,0.033333333333333215,156,156,takeover,cartesian_freedrive,1.0,0.024855191643829114,-0.21170635228401746,-0.031735029216969884,-0.10748716653023123,-2.5238843122921186,0.23044286890469554,2.65044496031764,0.2523122831943302
5.233333333333333,0.033333333333333215,157,157,takeover,cartesian_freedrive,1.0,0.024857413195596693,-0.2122439141006594,-0.036331389674170295,-0.10750224569116043,-2.5228230090026638,0.22721743387710336,2.644905964904147,0.25498039765039093
5.266666666666667,0.033333333333333215,158,158,takeover,cartesian_freedrive,1.0,0.02485924318065755,-0.21278147591190846,-0.040927750121029574,-0.10751732393931927,-2.521761705641977,0.22399199818474125,2.6393669695535857,0.2576485100389611
5.3,0.033333333333333215,159,159,takeover,cartesian_freedrive,1.0,0.024860678171736716,-0.21331903771191496,-0.04552411053204892,-0.10753240093474772,-2.520700402569214,0.22076656219163773,2.6338279748684412,0.26031662074206036
5.333333333333333,0.033333333333333215,160,160,takeover,cartesian_freedrive,1.0,0.024861709253997055,-0.2138565994420957,-0.05012047099871787,-0.10754747717241754,-2.5196390993222137,0.21754112618601612,2.628288979529659,0.26298472931845324
5.366666666666666,0.033333333333333215,161,161,takeover,cartesian_freedrive,1.0,0.024862335946301842,-0.2143941611486362,-0.05471683146533324,-0.10756255247570205,-2.5185777960548656,0.2143156897734422,2.6227499842076765,0.2656528361238911
5.4,0.0333333333333341,162,162,takeover,cartesian_freedrive,1.0,0.02486255808761947,-0.21493172283551246,-0.0593131919296323,-0.10757762703834643,-2.517516492752476,0.21109025294324318,2.6172109889312707,0.2683209413528358
5.433333333333334,0.033333333333333215,163,163,takeover,cartesian_freedrive,1.0,0.024862374045790486,-0.21546928450412434,-0.06390955239174242,-0.10759270101610044,-2.5164551894161256,0.20786481573651944,2.6116719937080237,0.2709890452135614
5.466666666666667,0.033333333333333215,164,164,takeover,cartesian_freedrive,1.0,0.024861781717040794,-0.21600684615596763,-0.06850591285186804,-0.10760777454354124,-2.515393886048673,0.20463937819730438,2.60613299854604,0.27365714792821033
5.5,0.033333333333333215,165,165,takeover,cartesian_freedrive,1.0,0.024860778841962063,-0.2165444077926833,-0.07310227331027057,-0.10762284773690177,-2.5143325826535854,0.20141394037024887,2.6005940034541077,0.2763252497291929
5.533333333333333,0.033333333333333215,166,166,takeover,cartesian_freedrive,1.0,0.024859363145687027,-0.21708196941607064,-0.07769863376722645,-0.10763792071553227,-2.513271279234346,0.19818850229949647,2.5950550084413777,0.2789933508537023
5.566666666666666,0.033333333333333215,167,167,takeover,cartesian_freedrive,1.0,0.024857532363606907,-0.21761953102810813,-0.08229499422305286,-0.10765299358391987,-2.5122099757946947,0.19496306402812702,2.5895160135171453,0.28166145154050753
5.6,0.033333333333333215,168,168,takeover,cartesian_freedrive,1.0,0.024855284249256503,-0.21815709263094155,-0.08689135467807114,-0.10766806644745064,-2.511148672338255,0.19173762559766824,2.583977018690485,0.28432955202582316
5.633333333333334,0.0333333333333341,169,169,takeover,cartesian_freedrive,1.0,0.024852616578592054,-0.21869465422686785,-0.09148771513262313,-0.10768313939965289,-2.5100873688687146,0.1885121870480591,2.57843802396997,0.286997652540961
5.666666666666667,0.033333333333333215,170,170,takeover,cartesian_freedrive,1.0,0.024849527131658708,-0.21923221581829844,-0.09608407558704998,-0.10769821253001721,-2.509026065389645,0.18528674841756199,2.572899029363357,0.2896657533094685
5.7,0.033333333333333215,171,171,takeover,cartesian_freedrive,1.0,0.024846013689389983,-0.2197697774077231,-0.1006804360416901,-0.1077132859224093,-2.5079647619044922,0.18206130974282625,2.5673600348773817,0.29233385454539457
5.733333333333333,0.033333333333333215,172,172,takeover,cartesian_freedrive,1.0,0.02484207402057113,-0.22030733899763974,-0.10527679649687269,-0.10772835965404011,-2.5069034584165673,0.1788358710588676,2.561821040517386,0.29500195644967864
5.766666666666667,0.033333333333333215,173,173,takeover,cartesian_freedrive,1.0,0.024837705865342376,-0.22084490059051962,-0.10987315695292117,-0.10774343379241592,-2.505842154929084,0.17561043239910296,2.5562820462872904,0.2976700592093914
5.8,0.033333333333333215,174,174,takeover,cartesian_freedrive,1.0,0.024832906928574396,-0.22138246218874416,-0.11446951741012724,-0.10775850840525927,-2.504780851444927,0.17238499379510164,2.550743052189399,0.30033816299469723
5.833333333333333,0.033333333333333215,175,175,takeover,cartesian_freedrive,1.0,0.02482767486887447,-0.22192002379454573,-0.11906587786877043,-0.10777358354736855,-2.503719547966878,0.16915955527650514,2.5452040582242854,0.30300626795654306
5.866666666666666,0.033333333333333215,176,176,takeover,cartesian_freedrive,1.0,0.024822007288239724,-0.22245758540997398,-0.12366223832909812,-0.10778865926937417,-2.5026582444974155,0.16593411687072335,2.5396650643908663,0.30567437422553706
5.9,0.0333333333333341,177,177,takeover,cartesian_freedrive,1.0,0.024815901729150252,-0.22299514703684625,-0.1282585987913265,-0.10780373561449948,-2.501596941038739,0.16270867860264848,2.5341260706863777,0.3083424819098036
5.933333333333334,0.033333333333333215,178,178,takeover,cartesian_freedrive,1.0,0.024809355668862457,-0.2235327086767278,-0.1328549592556398,-0.10781881261797689,-2.5005356375927663,0.15948324049443355,2.528587077106535,0.3110105910946931
5.966666666666667,0.033333333333333215,179,179,takeover,cartesian_freedrive,1.0,0.02480236652023121,-0.2240702703309028,-0.13745131972218594,-0.10783389030766492,-2.499474334161091,0.15625780256518948,2.523048083645627,0.31367870184170593
6.0,0.033333333333333215,180,180,takeover,cartesian_freedrive,1.0,0.02479493163223663,-0.22460783200036952,-0.142047680191074,-0.10784896870494287,-2.498413030744955,0.1530323648307926,2.5175090902967296,0.31634681418891786
6.033333333333333,0.033333333333333215,181,181,takeover,cartesian_freedrive,1.0,0.024787048293915606,-0.22514539368584205,-0.14664404066237824,-0.10786404782325466,-2.4973517273452788,0.1498069273038239,2.5119700970519236,0.31901492815197185
6.066666666666666,0.033333333333333215,182,182,takeover,cartesian_freedrive,1.0,0.024778713739338022,-0.22568295538775932,-0.1512404011361472,-0.10787912766464959,-2.4962904239627624,0.14658148999358916,2.5064311039025187,0.32168304372543005
6.1,0.033333333333333215,183,183,takeover,cartesian_freedrive,1.0,0.024769924741034576,-0.22622051708740193,-0.15583676161742532,-0.10789420823071538,-2.495229120580031,0.14335605297763104,2.500892110737605,0.3243511608155842
6.133333333333334,0.0333333333333341,184,184,takeover,cartesian_freedrive,1.0,0.024760678808146686,-0.2267580788591948,-0.16043312208780325,-0.10790929029335078,-2.4941678170790813,0.1401306158980083,2.4953531178591675,0.3270192795783157
6.166666666666667,0.033333333333333215,185,185,takeover,cartesian_freedrive,1.0,0.024750972573327274,-0.2272956406179173,-0.16502948256667996,-0.10792437224094943,-2.4931065137608974,0.13690517923879375,2.4898141249758385,0.3296873998102783
6.2,0.033333333333333215,186,186,takeover,cartesian_freedrive,1.0,0.024740803495654367,-0.22783320239151303,-0.1696258430490383,-0.10793945450093388,-2.49204521047384,0.13367974281480585,2.4842751321448286,0.33235552146566827
6.233333333333333,0.033333333333333215,187,187,takeover,cartesian_freedrive,1.0,0.024730166372127913,-0.22837076415449029,-0.17422220353948392,-0.10795453758455525,-2.4909839072131996,0.13045430672197167,2.4787361393540306,0.3350236444393902
6.266666666666667,0.033333333333333215,188,188,takeover,cartesian_freedrive,1.0,0.024719061209080198,-0.22890832595896293,-0.1788185640248604,-0.10796962166840575,-2.489922603938762,0.1272288707059921,2.4731971466043863,0.3376917686557019
6.3,0.033333333333333215,189,189,takeover,cartesian_freedrive,1.0,0.024707484855427456,-0.22944588777693775,-0.18341492451270766,-0.10798470621996145,-2.488861300681602,0.12400343489352815,2.4676581538830296,0.3403598940272131
6.333333333333333,0.033333333333333215,190,190,takeover,cartesian_freedrive,1.0,0.02469543223704326,-0.22998344958350003,-0.1880112850081501,-0.10799979127515527,-2.4877999974472447,0.12077799937603619,2.4621191611779545,0.34302802044432656
6.366666666666666,0.033333333333333215,191,191,takeover,cartesian_freedrive,1.0,0.024682902391932125,-0.23052101142653272,-0.19260764549860765,-0.10801487730273823,-2.486738694199991,0.11755256391735272,2.456580168489152,0.3456961478082959
6.4,0.0333333333333341,192,192,takeover,cartesian_freedrive,1.0,0.02466989264474466,-0.23105857328000048,-0.19720400599082957,-0.10802996381140995,-2.485677390963047,0.11432712862554001,2.4510411758067323,0.3483642760287785
6.433333333333334,0.033333333333333215,193,193,takeover,cartesian_freedrive,1.0,0.024656399598960054,-0.23159613512596167,-0.20180036648894284,-0.10804505053590834,-2.4846160877444605,0.11110169356389592,2.4455021831232133,0.351032405016777
6.466666666666667,0.033333333333333215,194,194,takeover,cartesian_freedrive,1.0,0.024642418889664997,-0.23213369699237082,-0.20639672698476966,-0.10806013807769403,-2.483554784517578,0.10787625858210428,2.4399631904360968,0.353700534660104
6.5,0.033333333333333215,195,195,takeover,cartesian_freedrive,1.0,0.024627949841756293,-0.2326712588720444,-0.21099308748042395,-0.10807522608088302,-2.482493481293661,0.1046508237019402,2.4344241977405345,0.35636866487961166
6.533333333333333,0.033333333333333215,196,196,takeover,cartesian_freedrive,1.0,0.02461298945379132,-0.23320882075804614,-0.21558944797730345,-0.1080903144274322,-2.4814321780750785,0.10142538893786932,2.428885205032134,0.3590367955943407
6.566666666666666,0.033333333333333215,197,197,takeover,cartesian_freedrive,1.0,0.024597534870647163,-0.23374638264958802,-0.2201858084753883,-0.1081054030398597,-2.4803708748622073,0.09819995427840807,2.4233462123078486,0.36170492672867083
6.6,0.033333333333333215,198,198,takeover,cartesian_freedrive,1.0,0.024581581851859633,-0.2342839445257788,-0.22478216897824452,-0.10812049195240557,-2.4793095716465783,0.09497451978683547,2.417807219562989,0.36437305820036286
6.633333333333334,0.0333333333333341,199,199,takeover,cartesian_freedrive,1.0,0.02456512880571098,-0.23482150642671135,-0.22937852947727103,-0.1081355812917342,-2.478248268430288,0.09174908528759793,2.412268226798834,0.3670411899399454
6.666666666666667,0.033333333333333215,200,200,takeover,cartesian_freedrive,1.0,0.02454817355178342,-0.23535906833119646,-0.23397488997695182,-0.1081506708469618,-2.4771869652153313,0.0885236508553168,2.406729234012053,0.3697093218896173
6.7,0.033333333333333215,201,201,takeover,cartesian_freedrive,1.0,0.024530713312267197,-0.23589663023825347,-0.23857125047727212,-0.10816576058207339,-2.47612566200109,0.08529821648108887,2.4011902412013373,0.3723774539924811
6.733333333333333,0.033333333333333215,202,202,takeover,cartesian_freedrive,1.0,0.02451274539918082,-0.23643419214736203,-0.24316761097817105,-0.10818085045647381,-2.475064358787389,0.08207278215552521,2.3956512483658234,0.3750455861985263
6.766666666666667,0.033333333333333215,203,203,takeover,cartesian_freedrive,1.0,0.024494266529856416,-0.23697175403950124,-0.2477639714826094,-0.10819594049514512,-2.474003055562441,0.07884734793742393,2.390112255503789,0.37771371845710333
6.8,0.033333333333333215,204,204,takeover,cartesian_freedrive,1.0,0.024475273790575354,-0.23750931595071856,-0.2523603319839647,-0.10821103071258065,-2.4729417523411437,0.07562191367871109,2.3845732626168794,0.38038185072392683
6.833333333333333,0.033333333333333215,205,205,takeover,cartesian_freedrive,1.0,0.024455765655420666,-0.23804687786392542,-0.2569566924853777,-0.10822612100939549,-2.4718804491189648,0.07239647943741977,2.3790342697040825,0.3830499829644857
6.866666666666666,0.033333333333333215,206,206,takeover,cartesian_freedrive,1.0,0.024435739405943582,-0.2385844397773784,-0.26155305298702397,-0.10824121136505714,-2.4708191458948763,0.0691710452116485,2.373495276765437,0.3857181151458961
6.9,0.0333333333333341,207,207,takeover,cartesian_freedrive,1.0,0.02441519239913107,-0.23912200169076916,-0.2661494134888443,-0.10825630176006325,-2.4697578426686007,0.06594561099496034,2.3679562838012473,0.3883862472397582
6.933333333333334,0.033333333333333215,208,208,takeover,cartesian_freedrive,1.0,0.024394122019045825,-0.23965956360383212,-0.2707457739907902,-0.10827139217416484,-2.468696539440029,0.06272017678151941,2.3624172908119525,0.39105437922115316
6.966666666666667,0.033333333333333215,209,209,takeover,cartesian_freedrive,1.0,0.02437252564157811,-0.24019712550655198,-0.27534213449426587,-0.10828648261515829,-2.4676352362020397,0.05949474260264558,2.356878297797757,0.3937225110670234
7.0,0.033333333333333215,210,210,takeover,cartesian_freedrive,1.0,0.024350400316457833,-0.2407346874084305,-0.27993849499738804,-0.10830157315890336,-2.466573932955983,0.056269308413939796,2.351339304759552,0.39639064275550273
7.033333333333333,0.033333333333333215,211,211,takeover,cartesian_freedrive,1.0,0.02432774379445038,-0.24127224931986152,-0.28453485549904123,-0.10831666361639072,-2.465512629716185,0.05304387417546375,2.345800311698648,0.39905877427721254
7.066666666666666,0.033333333333333215,212,212,takeover,cartesian_freedrive,1.0,0.024304553525614673,-0.24180981123018055,-0.2891312160006264,-0.10833175404716094,-2.464451326473329,0.04981843992164135,2.3402613186152865,0.4017269056152742
7.1,0.033333333333333215,213,213,takeover,cartesian_freedrive,1.0,0.02428082679877055,-0.24234737313920687,-0.2937275765021121,-0.10834684444329715,-2.463390023227276,0.04659300564925107,2.3347223255102896,0.4043950367586996
7.133333333333334,0.0333333333333341,214,214,takeover,cartesian_freedrive,1.0,0.024256560925091836,-0.2428849350468315,-0.2983239370034654,-0.10836193479734073,-2.462328719977987,0.043367571355336094,2.329183332384514,0.4070631676987489
7.166666666666667,0.033333333333333215,215,215,takeover,cartesian_freedrive,1.0,0.024231753209038226,-0.24342249695295912,-0.30292029750466,-0.10837702510157658,-2.4612674167255113,0.04014213703732114,2.3236443392388364,0.4097312984283366
7.2,0.033333333333333215,216,216,takeover,cartesian_freedrive,1.0,0.024206401135970022,-0.24396005884715366,-0.3075166580070859,-0.10839211539351333,-2.4602061134619055,0.036916702734137746,2.3181053460737564,0.4123994289389567
7.233333333333333,0.033333333333333215,217,217,takeover,cartesian_freedrive,0.9416677922011658,0.038170462370240306,-0.0984019878598321,-0.807439054830489,0.31118143082405825,-2.8672879238595996,0.14884246259298525,2.234445363864373,0.7302821404682489
7.266666666666667,0.033333333333333215,218,218,takeover,cartesian_freedrive,0.9416677922011658,0.046022450248111774,-0.09620586269548871,-0.7869362389421825,0.18327940783407057,-2.861614586872791,0.14939805402387746,2.2340424845376496,0.7318113351582969
7.3,0.033333333333333215,219,219,takeover,cartesian_freedrive,0.9416677922011658,0.04852112853606978,-0.09619539073977806,-0.7867023923841437,0.18138176703602016,-2.861587528196745,0.14940042310920512,2.2340400170753445,0.7318188335682034
7.333333333333333,0.033333333333333215,220,220,takeover,cartesian_freedrive,0.9416677922011658,0.04943042248486807,-0.0961953422046715,-0.786701267285673,0.18137263389344793,-2.861587399039244,0.14940043051940793,2.2340400034723062,0.7318189610420418
7.366666666666666,0.033333333333333215,221,221,takeover,cartesian_freedrive,0.9416677922011658,0.049759929543732734,-0.09619534269242012,-0.7867012622906966,0.1813725878853825,-2.8615874000432817,0.1494004563106019,2.234040007334202,0.7318190811845164
7.4,0.0333333333333341,222,222,takeover,cartesian_freedrive,0.9416677922011658,0.049879411735379145,-0.09619534297733856,-0.7867012624239789,0.1813725869292165,-2.8615874006332085,0.14940046588766223,2.2340400089683174,0.7318191267970058
7.433333333333334,0.033333333333333215,223,223,takeover,cartesian_freedrive,0.9416677922011658,0.04992275038586811,-0.09619534308847641,-0.7867012624841456,0.18137258666437356,-2.8615874008441393,0.149400469311155,2.2340400095404127,0.7318191433972656
7.466666666666667,0.033333333333333215,224,224,takeover,cartesian_freedrive,0.9504112069239241,0.05027762265663041,-0.06859300864797921,-0.772487593076323,0.21014183232392403,-2.857919026926695,0.17792521006578338,2.218663117442674,0.7784364832161523
7.5,0.033333333333333215,225,225,takeover,cartesian_freedrive,0.9504112069239241,0.05016229136812193,-0.06599395174291127,-0.7713112732467805,0.21281922608257348,-2.8576468801701798,0.1800414884815631,2.2175223169567087,0.7818953572683346
7.533333333333333,0.033333333333333215,226,226,takeover,cartesian_freedrive,0.9504112069239241,0.050109761917538076,-0.06598144832480664,-0.7713056117807271,0.21283210200384892,-2.8576455703077883,0.1800516332602624,2.2175168263955185,0.781911990994074
7.566666666666666,0.033333333333333215,227,227,takeover,cartesian_freedrive,0.9504112069239241,0.0500909116114563,-0.06598138815213278,-0.7713055845170719,0.21283216398578667,-2.8576455637441347,0.1800516808079971,2.217516799923041,0.781912066814519
7.6,0.033333333333333215,228,228,takeover,cartesian_freedrive,0.9504112069239241,0.05008414582947615,-0.06598138787166027,-0.7713055843836434,0.21283216432769578,-2.8576455636435796,0.18005168047341463,2.217516799658075,0.7819120655885858
7.633333333333334,0.0333333333333341,229,229,takeover,cartesian_freedrive,0.9504112069239241,0.0500817023812416,-0.0659813878857787,-0.7713055843846092,0.21283216436492536,-2.857645563601279,0.18005168008536104,2.2175167995543865,0.7819120649135893
7.666666666666667,0.033333333333333215,230,230,takeover,cartesian_freedrive,0.9504112069239241,0.05008081436225227,-0.06598138790272583,-0.7713055843873751,0.2128321643943089,-2.8576455635646454,0.1800516797745858,2.217516799469588,0.7819120646303448
7.7,0.033333333333333215,231,231,takeover,cartesian_freedrive,0.9504112069239241,0.05008048751532806,-0.06598138791966611,-0.7713055843904687,0.21283216442079528,-2.8576455635311255,0.18005167949952494,2.217516799392483,0.7819120645123201
7.733333333333333,0.033333333333333215,232,232,takeover,cartesian_freedrive,0.9575232407689,0.05008077635170467,-0.04161689297071907,-0.7719951918681695,0.23798242070359754,-2.8354729211249636,0.17998535061369322,2.203396532309846,0.7896500946532053
7.766666666666667,0.033333333333333215,233,233,takeover,cartesian_freedrive,0.9575232407689,0.0499603670765823,-0.0414676034262681,-0.7719985110914817,0.23812284850776702,-2.8353463707412145,0.1799850177953853,2.2033285686965813,0.7896873455946836
7.8,0.033333333333333215,234,234,takeover,cartesian_freedrive,0.9575232407689,0.049913461625847436,-0.0414668896080715,-0.7719985272887824,0.2381235174249384,-2.8353457612763577,0.17998497595137516,2.203328240325508,0.7896874842332064
7.833333333333333,0.033333333333333215,235,235,takeover,cartesian_freedrive,0.9575232407689,0.049899249127331555,-0.041466886114036684,-0.771998527328975,0.238123520796124,-2.8353457581514854,0.17998497366028568,2.2033282383476007,0.7896874747242926
7.866666666666666,0.033333333333333215,236,236,takeover,cartesian_freedrive,0.9575232407689,0.04989410157488161,-0.0414668860746356,-0.7719985273154976,0.23812352086740823,-2.8353457580699493,0.17998497291468704,2.203328238192846,0.7896874710150416
7.9,0.0333333333333341,237,237,takeover,cartesian_freedrive,0.9575232407689,0.04989223666002281,-0.041466886066313276,-0.7719985273105595,0.23812352088826114,-2.835345758046725,0.17998497264424207,2.2033282381388393,0.7896874696613182
7.933333333333334,0.033333333333333215,238,238,takeover,cartesian_freedrive,0.9575232407689,0.04989119548410006,-0.04146688632195158,-0.7719985273233114,0.23812352048531554,-2.8353457582159693,0.17998497046259537,2.203328237323607,0.7896874683314036
7.966666666666667,0.033333333333333215,239,239,takeover,cartesian_freedrive,0.9784399635732441,0.05026093082311317,-0.004871967274204048,-0.7195459840633439,0.2830103115132021,-2.7548034904659957,0.24379893372733208,2.151611870745113,0.8654829216270165
8.0,0.033333333333333215,240,240,takeover,cartesian_freedrive,0.9784399635732441,0.0502068758439759,-0.0008226294732105335,-0.7144655095426385,0.2876212744624058,-2.7450882739584346,0.2485332653967268,2.1477750725687628,0.8711061429301279
8.033333333333333,0.033333333333333215,241,241,takeover,cartesian_freedrive,0.9784399635732441,0.050211170459946636,-0.0008031282742309077,-0.7144410555758317,0.28764348432723735,-2.745041510544476,0.2485561322932499,2.1477566316002736,0.8711331720577694
8.066666666666666,0.033333333333333215,242,242,takeover,cartesian_freedrive,0.9784399635732441,0.0502134090607306,-0.0008030344326366913,-0.7144409378846389,0.2876435912575699,-2.7450412854567094,0.24855624228374185,2.1477565429891565,0.8711333034351144
8.1,0.033333333333333215,243,243,takeover,cartesian_freedrive,0.9784399635732441,0.05021445692873909,-0.0008030339914887965,-0.7144409373214733,0.28764359176909043,-2.7450412843652536,0.24855624281700509,2.147756542612767,0.8711333049502297
8.133333333333333,0.033333333333333215,244,244,takeover,cartesian_freedrive,0.9784399635732441,0.050214911382123396,-0.0008030339898208936,-0.7144409373195084,0.2876435917562324,-2.7450412843478103,0.24855624290818631,2.1477565426470195,0.8711333057016495
8.166666666666666,0.033333333333333215,245,245,takeover,cartesian_freedrive,0.9784399635732441,0.050215094571361155,-0.0008030339854177836,-0.714440937319086,0.2876435917328902,-2.7450412843316716,0.24855624305032356,2.147756542683772,0.8711333064828387
8.2,0.033333333333333215,246,246,takeover,cartesian_freedrive,0.9784399635732441,0.050215184148020196,-0.0008030363097407194,-0.7144409377069794,0.2876435881709471,-2.745041286938523,0.2485562284254469,2.1477565399794143,0.8711333041926133
8.233333333333333,0.033333333333333215,247,247,takeover,cartesian_freedrive,1.0,0.05024184038178561,0.013425700007704808,-0.7041432757165543,0.3461310329944601,-2.6871065527838467,0.2468302843212749,2.124358574639007,0.8913311378019322
8.266666666666667,0.03333333333333499,248,248,takeover,cartesian_freedrive,1.0,0.050044163697478175,0.013503434355493974,-0.7040924458151057,0.3465586960067422,-2.6866900870045245,0.2468219627035853,2.124245965340573,0.8914283845887648
8.3,0.033333333333333215,249,249,takeover,cartesian_freedrive,1.0,0.04997414065567904,0.013503808270417146,-0.7040922009890966,0.34656075460768543,-2.6866880815281147,0.24682190602027973,2.1242454212265898,0.8914287905713376
8.333333333333334,0.033333333333333215,250,250,takeover,cartesian_freedrive,1.0,0.04994586445421462,0.013503810176235824,-0.7040921997011049,0.346560764851801,-2.686688071461286,0.24682190002933393,2.1242454173573204,0.8914287636572291
8.366666666666667,0.033333333333333215,251,251,takeover,cartesian_freedrive,1.0,0.04993966348197618,0.013503810327428718,-0.704092199646316,0.3465607651604425,-2.6866880711595456,0.24682189932535348,2.124245417503868,0.8914287564573187
8.4,0.033333333333333215,252,252,takeover,cartesian_freedrive,1.0,0.049937468507293664,0.013503810346239155,-0.7040921996354947,0.34656076518992485,-2.686688071106053,0.2468218989804139,2.1242454174664798,0.8914287541762065
8.433333333333334,0.033333333333333215,253,253,takeover,cartesian_freedrive,1.0,0.049936687486856715,0.0135038103517845,-0.7040921996319288,0.3465607651938969,-2.68668807108072,0.24682189890174083,2.1242454174737357,0.8914287534732541
8.466666666666667,0.033333333333333215,254,254,takeover,cartesian_freedrive,1.0,0.05070561539873254,0.04498058612845267,-0.6333979577600407,0.3818900683175666,-2.596631627882828,0.27277702033105833,2.177105479781152,0.9630329554940437
8.5,0.033333333333333215,255,255,takeover,cartesian_freedrive,1.0,0.05059626019783918,0.04792246635145181,-0.6262166701314147,0.38582395344676124,-2.5835882082891257,0.2747025492536199,2.1810271012118725,0.968345228131476
8.533333333333333,0.033333333333333215,256,256,takeover,cartesian_freedrive,1.0,0.050532239990939525,0.04793663597691222,-0.6261821043330672,0.38584290367172064,-2.5835254226970594,0.27471187591023066,2.1810460068534776,0.9683707783893095
8.566666666666666,0.033333333333333215,257,257,takeover,cartesian_freedrive,1.0,0.0505096250177706,0.04793670452668059,-0.6261819378396373,0.38584299501492353,-2.5835251199909175,0.27471191974692943,2.1810460983103774,0.9683708812659753
8.6,0.033333333333333215,258,258,takeover,cartesian_freedrive,1.0,0.050501635259563554,0.047936704975716685,-0.6261819369952754,0.3858429954791413,-2.5835251183365866,0.2747119196851494,2.181046098961722,0.9683708749187937
8.633333333333333,0.033333333333333215,259,259,takeover,cartesian_freedrive,1.0,0.05049877750974938,0.04793670500889535,-0.6261819369826863,0.38584299555326645,-2.5835251183298924,0.2747119196125992,2.1810460989119442,0.9683708721230262
8.666666666666666,0.033333333333333215,260,260,takeover,cartesian_freedrive,1.0,0.05049879886296717,0.04793669634019736,-0.6261819391713614,0.38584297579784604,-2.583525131718039,0.27471187975592215,2.181046094063308,0.9683708658750724
8.7,0.033333333333333215,261,261,takeover,cartesian_freedrive,1.0,0.05049885488595126,0.047936696281879854,-0.6261819391857429,0.38584297563354375,-2.583525131768413,0.274711879784162,2.181046094156556,0.9683708662992729
8.733333333333333,0.033333333333333215,262,262,takeover,cartesian_freedrive,0.9893904214506435,0.050707214772275216,0.037713865969843476,-0.5440475050708199,0.40387241790384415,-2.5625308096332597,0.27991909917365043,2.253435208472973,0.9563883192190568
8.766666666666667,0.03333333333333499,263,263,takeover,cartesian_freedrive,0.9893904214506435,0.050682724267133814,0.037664656773170976,-0.5432987344061284,0.4039605013586448,-2.5624087999691842,0.27994414470929835,2.2537836290284536,0.9563306145335917
8.8,0.033333333333333215,264,264,takeover,cartesian_freedrive,0.9893904214506435,0.050673816194187475,0.03766442020913178,-0.5432951304377087,0.4039609254577805,-2.562408212424208,0.27994426458357136,2.2537853061264537,0.9563303229197275
8.833333333333334,0.033333333333333215,265,265,takeover,cartesian_freedrive,0.9893904214506435,0.05067063772774645,0.03766441914094485,-0.543295113068671,0.40396092753896545,-2.5624082095265863,0.2799442649660863,2.2537853142453237,0.9563303180819647
8.866666666666667,0.033333333333333215,266,266,takeover,cartesian_freedrive,0.9893904214506435,0.05066950344010791,0.037664419159047356,-0.5432951129774165,0.40396092755638163,-2.5624082094794702,0.27994426492364466,2.253785314315772,0.9563303169145531
8.9,0.033333333333333215,267,267,takeover,cartesian_freedrive,0.9893904214506435,0.05066909617547498,0.03766441916325781,-0.5432951129755018,0.4039609275486903,-2.562408209448555,0.27994426496458613,2.25378531435663,0.9563303166228008
8.933333333333334,0.033333333333333215,268,268,takeover,cartesian_freedrive,0.9893904214506435,0.050668943609726375,0.037664419157604746,-0.5432951129768513,0.4039609275280286,-2.562408209403745,0.27994426506539327,2.253785314422833,0.9563303166851264
8.966666666666667,0.033333333333333215,269,269,takeover,cartesian_freedrive,0.9817388457822958,0.050772689425974585,0.019229951007998233,-0.4414815459885373,0.4310623981013075,-2.553613369266838,0.2719379761119906,2.3231566666598473,1.0023338191906783
9.0,0.033333333333333215,270,270,takeover,cartesian_freedrive,0.9817388457822958,0.05074772915654405,0.017862302892510926,-0.42089396136968465,0.4331212533606784,-2.5528725701056456,0.27134396870297417,2.328303267365482,1.0057467595376302
9.033333333333333,0.033333333333333215,271,271,takeover,cartesian_freedrive,0.9817388457822958,0.05074247718092734,0.017855716118461352,-0.42081069316681907,0.4331311535435687,-2.552869011545608,0.271341104315607,2.328328037336744,1.0057632098858065
9.066666666666666,0.033333333333333215,272,272,takeover,cartesian_freedrive,0.9817388457822958,0.050740725253582,0.01785568450368545,-0.4208102923770648,0.433131201332172,-2.552868994349453,0.2713410911011586,2.328328156814052,1.005763288386239
9.1,0.033333333333333215,273,273,takeover,cartesian_freedrive,0.9817388457822958,0.05074012920768052,0.01785568439476928,-0.42081029044309576,0.43313120162751895,-2.552868994250257,0.2713410915192671,2.3283281575909665,1.0057632889728396
9.133333333333333,0.033333333333333215,274,274,takeover,cartesian_freedrive,0.9817388457822958,0.050739921627451445,0.01785568442929059,-0.4208102904304252,0.43313120166596814,-2.552868994233409,0.2713410919643027,2.3283281577736923,1.0057632893529627
9.166666666666666,0.033333333333333215,275,275,takeover,cartesian_freedrive,0.9817388457822958,0.05073984648659201,0.017855684461781297,-0.4208102904274425,0.4331312016936541,-2.552868994215216,0.2713410923930645,2.328328157942841,1.0057632897854663
9.2,0.033333333333333215,276,276,takeover,cartesian_freedrive,0.9817388457822958,0.05073981829905958,0.017855684490681707,-0.4208102904252537,0.4331312017243078,-2.552868994209655,0.2713410928280582,2.328328158103669,1.0057632902371125
9.233333333333333,0.033333333333333215,277,277,takeover,cartesian_freedrive,0.9832073269911348,0.050510167012769225,-0.007874325020752923,-0.3124421423857672,0.4747605296953136,-2.5649072607513683,0.25344513069316854,2.350893427779072,1.0057910122696307
9.266666666666667,0.03333333333333499,278,278,takeover,cartesian_freedrive,0.9832073269911348,0.05045029532549501,-0.007998166252640033,-0.31152736134447573,0.4749764245719601,-2.564974548705995,0.253359018808184,2.351002035533507,1.0057912704064491
9.3,0.033333333333333215,279,279,takeover,cartesian_freedrive,0.9832073269911348,0.05042443023418312,-0.007998758858246741,-0.3115229561815584,0.47497728055267746,-2.5649748766630824,0.25335861729284676,2.3510025706828004,1.0057912357298229
9.333333333333334,0.033333333333333215,280,280,takeover,cartesian_freedrive,0.9832073269911348,0.050418248780691746,-0.00799876158600942,-0.31152293488740324,0.47497727775518755,-2.564974878340905,0.2533586151869071,2.351002573695447,1.005791231398767
9.366666666666667,0.033333333333333215,281,281,takeover,cartesian_freedrive,0.9832073269911348,0.050416099009204185,-0.007998761607624843,-0.311522934783105,0.47497727779877935,-2.564974878311388,0.25335861483992894,2.351002573666802,1.0057912299648695
9.4,0.033333333333333215,282,282,takeover,cartesian_freedrive,0.9832073269911348,0.050415349947631735,-0.00799876162293628,-0.31152293478456944,0.4749772778153627,-2.564974878301999,0.25335861467532633,2.3510025736296583,1.0057912295008224
9.433333333333334,0.033333333333333215,283,283,takeover,cartesian_freedrive,0.9832073269911348,0.05041508813899085,-0.007998761642014266,-0.31152293478814946,0.4749772778101584,-2.564974878303529,0.25335861456939796,2.35100257359312,1.0057912293916362
9.466666666666667,0.033333333333333215,284,284,takeover,cartesian_freedrive,0.9848922925020602,0.05126933943391192,-0.13166763256049333,-0.12363551826319427,0.6729065193237165,-2.4642622907047387,-0.05673944049917453,2.5549851857192114,1.3690188120470739
9.5,0.033333333333333215,285,285,takeover,cartesian_freedrive,0.9848922925020602,0.052425555613694115,-0.13726828086534454,-0.049679139946326015,0.691648316016351,-2.468325345201239,-0.08160927805963815,2.5715127079477864,1.3959657068683262
9.533333333333333,0.033333333333333215,286,286,takeover,cartesian_freedrive,0.9848922925020602,0.052793580309812876,-0.13729524011982797,-0.04986782197205484,0.6917381898153735,-2.468344909233514,-0.08172898870403623,2.571592243993098,1.3960953679427197
9.566666666666666,0.033333333333333215,287,287,takeover,cartesian_freedrive,0.9848922925020602,0.05292359299109681,-0.13729537016541013,-0.049868731277360606,0.6917386890504483,-2.4683450065114405,-0.08172956025607996,2.57159262389169,1.3960960252949703
9.6,0.033333333333333215,288,288,takeover,cartesian_freedrive,0.9848922925020602,0.052969618489688376,-0.13729537065172856,-0.049868735903668596,0.6917387220406188,-2.4683450068584833,-0.08172956095687244,2.571592624389226,1.3960960449243967
9.633333333333333,0.033333333333333215,289,289,takeover,cartesian_freedrive,0.9848922925020602,0.05298591807581088,-0.1372953706019322,-0.04986873608932926,0.6917387508337394,-2.468345006810378,-0.08172956000856425,2.5715926233038444,1.3960960556510689
9.666666666666666,0.033333333333333215,290,290,takeover,cartesian_freedrive,0.9848922925020602,0.052991694555017274,-0.1372953705736593,-0.04986873622249679,0.6917387798525605,-2.468345006768785,-0.08172955947472797,2.5715926223151997,1.3960960641380427
9.7,0.033333333333333215,291,291,takeover,cartesian_freedrive,0.9848922925020602,0.052993745958537494,-0.13729537055068522,-0.049868736341963475,0.691738809044698,-2.4683450067233834,-0.08172955911469641,2.571592621388493,1.3960960716609176
9.733333333333333,0.033333333333333215,292,292,takeover,cartesian_freedrive,0.9889581084982666,0.05313700770804702,-0.14519737643907363,0.02676244412842965,0.7005085297544763,-2.40784636472144,-0.20181286610035556,2.5893841791281615,1.5080401817361935
9.766666666666667,0.03333333333333499,293,293,takeover,cartesian_freedrive,0.9889581084982666,0.05308665516589468,-0.14523540807285182,0.02729648777115363,0.7005512710349432,-2.407476090834662,-0.2023907966168557,2.5894698150179,1.5085792216310006
9.8,0.033333333333333215,294,294,takeover,cartesian_freedrive,0.9889581084982666,0.053068208587847054,-0.14523559107111342,0.027299057996035075,0.7005515605681304,-2.4074743098937925,-0.20239357770691735,2.5894702266738068,1.5085818260770685
9.833333333333334,0.033333333333333215,295,295,takeover,cartesian_freedrive,0.9889581084982666,0.05305834935287461,-0.14523559199325153,0.027299069526836157,0.7005524894263533,-2.4074743082716457,-0.20239360235710274,2.5894702266797878,1.5085818473294272
9.866666666666667,0.033333333333333215,296,296,takeover,cartesian_freedrive,0.9889581084982666,0.05305813274393737,-0.14523559203511385,0.0272990694832945,0.7005527598173265,-2.4074743098695706,-0.20239360544416515,2.5894702277128236,1.5085818473691777
9.9,0.033333333333333215,297,297,takeover,cartesian_freedrive,0.9889581084982666,0.053058053485215737,-0.1452355920454855,0.02729906943802306,0.7005528352750494,-2.4074743103644067,-0.20239360646717472,2.589470227815493,1.5085818465075727
9.933333333333334,0.033333333333333215,298,298,takeover,cartesian_freedrive,0.9889581084982666,0.05305802515153844,-0.14523559205711567,0.027299069397809406,0.7005529099028499,-2.4074743108388326,-0.20239360752015467,2.5894702279859847,1.5085818451078843
9.966666666666667,0.033333333333333215,299,299,takeover,cartesian_freedrive,0.98853372297215,0.05308851702985762,-0.13148864385445025,0.09521957832106616,0.6963432917332337,-2.3862069766377756,-0.3114384518963091,2.592139312003257,1.6069077077814478
10.0,0.033333333333333215,300,300,takeover,cartesian_freedrive,0.98853372297215,0.053003578684214056,-0.13039398066573762,0.10452003701147287,0.6960303749220831,-2.3845646202735407,-0.31952842007661225,2.592337217940271,1.6142027634325078
10.033333333333333,0.033333333333333215,301,301,takeover,cartesian_freedrive,0.98853372297215,0.05297583495614246,-0.13038871834407692,0.10456480333209602,0.6960295304430951,-2.3845567225946818,-0.3195673608393707,2.592338206464632,1.61423786627968
10.066666666666666,0.033333333333333215,302,302,takeover,cartesian_freedrive,0.98853372297215,0.05296595421741611,-0.13038869259493388,0.1045650186427039,0.6960294906348631,-2.3845566842422703,-0.3195675487018801,2.5923382088219986,1.6142380335680635
10.1,0.033333333333333215,303,303,takeover,cartesian_freedrive,0.98853372297215,0.052962446213391835,-0.13038869360032831,0.10456502016113516,0.6960296033564428,-2.3845566852689974,-0.3195675497200813,2.5923382154627,1.6142380343562686
10.133333333333333,0.033333333333333215,304,304,takeover,cartesian_freedrive,0.98853372297215,0.05296118894861855,-0.1303886925631715,0.10456501973675836,0.6960295014999587,-2.384556684191365,-0.31956754968383644,2.5923382094856673,1.6142380341680767
10.166666666666666,0.033333333333333215,305,305,takeover,cartesian_freedrive,0.98853372297215,0.05296073766423062,-0.13038869148597063,0.1045650192901138,0.6960293949420535,-2.3845566830554867,-0.31956754963914574,2.5923382032640196,1.6142380338851132
10.2,0.033333333333333215,306,306,takeover,cartesian_freedrive,0.98853372297215,0.052960583275805606,-0.13038869387774638,0.1045650202871659,0.696029631832903,-2.384556685578064,-0.31956754981734803,2.5923382170886025,1.614238034117209
10.233333333333333,0.033333333333333215,307,307,takeover,cartesian_freedrive,0.9897595534117727,0.05300994608814806,-0.0917131401060922,0.1783750614219308,0.674266817931984,-2.309574032053642,-0.41730824427138374,2.5888087057494653,1.6931630954937507
10.266666666666667,0.03333333333333499,308,308,takeover,cartesian_freedrive,0.9897595534117727,0.05299251546279859,-0.09151371870773534,0.17886775207446465,0.6741626274926603,-2.3091065079652715,-0.4177787004092,2.588791727448716,1.6935428933774088
10.3,0.033333333333333215,309,309,takeover,cartesian_freedrive,0.9897595534117727,0.05298676992218487,-0.09151276289225908,0.1788701236743588,0.674162440679534,-2.3091042637916965,-0.41778097308372214,2.5887916473700066,1.6935447228280012
10.333333333333334,0.033333333333333215,310,310,takeover,cartesian_freedrive,0.9897595534117727,0.05298469858148876,-0.09151275849216685,0.1788701350979924,0.6741624556873409,-2.3091042532868373,-0.4177809845112193,2.5887916469820573,1.6935447316424797
10.366666666666667,0.033333333333333215,311,311,takeover,cartesian_freedrive,0.9897595534117727,0.05298395242451773,-0.0915127586724952,0.17887013516228992,0.67416247158314,-2.309104253532479,-0.4177809850159797,2.5887916469962753,1.6935447317962915
10.4,0.033333333333333215,312,312,takeover,cartesian_freedrive,0.9897595534117727,0.05298368392501823,-0.09151275887510048,0.17887013517201678,0.6741624874299297,-2.3091042538291155,-0.41778098545473835,2.5887916470188226,1.6935447319481112
10.433333333333334,0.033333333333333215,313,313,takeover,cartesian_freedrive,0.9897595534117727,0.05298358755672182,-0.09151275907547628,0.17887013518140665,0.6741625030600713,-2.309104254121892,-0.417780985883253,2.5887916470437,1.6935447321161639
10.466666666666667,0.033333333333333215,314,314,takeover,cartesian_freedrive,1.0,0.053149553806996694,-0.04980210326315905,0.2389339711967177,0.6454524618160927,-2.26684116868351,-0.4968680285562811,2.591195232327069,1.7621115182655913
10.5,0.033333333333333215,315,315,takeover,cartesian_freedrive,1.0,0.05303500608394947,-0.04653839662740962,0.2458940845833355,0.6433217276825388,-2.2632470635244513,-0.5027354459525027,2.5913735501044615,1.7671982889635014
10.533333333333333,0.033333333333333215,316,316,takeover,cartesian_freedrive,1.0,0.05299944544909575,-0.04652269986821424,0.24592758495944353,0.6433120340240026,-2.263229772709729,-0.5027637082520977,2.5913744097730342,1.767222770117273
10.566666666666666,0.033333333333333215,317,317,takeover,cartesian_freedrive,1.0,0.05298670669601451,-0.04652262470480499,0.24592774623039976,0.6433120058761381,-2.263229689706552,-0.5027638453268835,2.5913744138595725,1.7672228870336533
10.6,0.033333333333333215,318,318,takeover,cartesian_freedrive,1.0,0.052982135147036265,-0.0465226245270456,0.24592774702177864,0.6433120143778401,-2.263229689408114,-0.5027638464329963,2.5913744138667445,1.7672228873244225
10.633333333333333,0.033333333333333215,319,319,takeover,cartesian_freedrive,1.0,0.05298049477001525,-0.0465226247100267,0.24592774704058878,0.6433120229575425,-2.263229689512421,-0.5027638468010658,2.5913744138738815,1.7672228873112532
10.666666666666666,0.033333333333333215,320,320,takeover,cartesian_freedrive,1.0,0.05297990645231933,-0.04652262489471378,0.24592774705561346,0.6433120314944617,-2.263229689620083,-0.502763847135668,2.5913744138884045,1.7672228873943236
10.7,0.033333333333333215,321,321,takeover,cartesian_freedrive,1.0,0.05297969577294759,-0.04652262507937505,0.2459277470705879,0.643312040007344,-2.2632296897280364,-0.5027638474592218,2.5913744139060215,1.7672228875174743
10.733333333333333,0.033333333333333215,322,322,takeover,cartesian_freedrive,1.0,0.053190585748094335,-0.008144448642380528,0.35220674752745557,0.6145060890769947,-2.1681340416881536,-0.5642526705069543,2.5831720379058165,1.8123200256067777
10.766666666666667,0.03333333333333499,323,323,takeover,cartesian_freedrive,1.0,0.05313995094216375,-0.007954593632256106,0.35311905502088503,0.6143677145421076,-2.1675562509329556,-0.5645486337508041,2.583132560713047,1.8125370788751591
10.8,0.033333333333333215,324,324,takeover,cartesian_freedrive,1.0,0.05312194264205483,-0.007953680859484868,0.3531234461111318,0.6143670755271414,-2.1675534700563697,-0.5645500594615348,2.5831323711858523,1.8125381245496386
10.833333333333334,0.033333333333333215,325,325,takeover,cartesian_freedrive,1.0,0.053115460432482386,-0.007953676931108765,0.3531234673008189,0.6143670847967376,-2.1675534566845642,-0.5645500670001321,2.5831323704462092,1.812538129590545
10.866666666666667,0.033333333333333215,326,326,takeover,cartesian_freedrive,1.0,0.05311312892145347,-0.007953677361948002,0.3531234674553265,0.6143670970906544,-2.167553456645453,-0.564550067695079,2.583132370535395,1.8125381296740601
10.9,0.033333333333333215,327,327,takeover,cartesian_freedrive,1.0,0.05311229201851782,-0.007953677806015169,0.3531234675076532,0.6143671093285541,-2.1675534566753885,-0.5645500683451896,2.583132370605139,1.8125381297344463
10.933333333333334,0.033333333333333215,328,328,takeover,cartesian_freedrive,1.0,0.05311199338883251,-0.00795367823651556,0.3531234675581858,0.6143671212792746,-2.167553456707507,-0.5645500689726954,2.5831323706707185,1.8125381297738978
10.966666666666667,0.033333333333333215,329,329,takeover,cartesian_freedrive,1.0,0.053337863021324525,0.039606481337780816,0.41136182873316934,0.5905667405971063,-2.09736128349196,-0.6008924036490806,2.562054210266818,1.8269420297714434
11.0,0.033333333333333215,330,330,takeover,cartesian_freedrive,1.0,0.0531742927393501,0.043685326071335656,0.41750360209730714,0.5888007756002797,-2.090910611934258,-0.6035885824465179,2.5604904498377254,1.8280107144113151
11.033333333333333,0.033333333333333215,331,331,takeover,cartesian_freedrive,1.0,0.05310217703888119,0.043704947433340476,0.4175331657377134,0.5887923958332072,-2.090879555462807,-0.6036015763524587,2.560482926242654,1.8280158196902698
11.066666666666666,0.033333333333333215,332,332,takeover,cartesian_freedrive,1.0,0.05308003978063662,0.04370504046058318,0.4175333082425085,0.5887923840824154,-2.09087940551218,-0.6036016418553853,2.560482890330677,1.8280158385110143
11.1,0.033333333333333215,333,333,takeover,cartesian_freedrive,1.0,0.05307208779022257,0.04370504055472571,0.41753330898733076,0.5887923907568476,-2.0908794046554346,-0.603601642910053,2.5604828903679477,1.8280158369518666
11.133333333333333,0.033333333333333215,334,334,takeover,cartesian_freedrive,1.0,0.053069233013002294,0.04370504023112544,0.41753330903972985,0.588792397323688,-2.0908794045525423,-0.603601643442555,2.5604828904717447,1.828015836496982
11.166666666666666,0.033333333333333215,335,335,takeover,cartesian_freedrive,1.0,0.0530682099732049,0.04370503992143809,0.41753330908445474,0.5887924037005743,-2.090879404467548,-0.6036016438872792,2.560482890541252,1.828015836493733
11.2,0.033333333333333215,336,336,takeover,cartesian_freedrive,1.0,0.053067845457874394,0.04370503961866602,0.4175333091274897,0.5887924099794987,-2.0908794043880263,-0.6036016442967065,2.560482890602582,1.8280158366629717
11.233333333333333,0.033333333333333215,337,337,takeover,cartesian_freedrive,-0.9650033932949569,0.058400564008875694,0.06208259607588731,0.4596130781245863,0.5504836888722293,-2.0649036264412888,-0.6110243113397827,2.536674648765653,1.8558898502059764
11.266666666666667,0.03333333333333499,338,338,takeover,cartesian_freedrive,-0.9650033932949569,0.06211156490978714,0.06216429116781059,0.459945285823505,0.5502616578941116,-2.064773067479857,-0.611060086028464,2.53656002717464,1.8560238866318284
11.3,0.033333333333333215,339,339,takeover,cartesian_freedrive,-0.9650033932949569,0.06478167008501366,0.06216468489493028,0.45994688435583114,0.550260593502965,-2.0647724381485104,-0.6110602723120728,2.5365594663879367,1.8560244978545963
11.333333333333334,0.033333333333333215,340,340,takeover,cartesian_freedrive,-0.9650033932949569,0.0674489867162496,0.06216468623801467,0.45994689192748756,0.5502605922781647,-2.0647724344127534,-0.6110602728664691,2.5365594640401024,1.8560245043659707
11.366666666666667,0.033333333333333215,341,341,takeover,cartesian_freedrive,-0.9650033932949569,0.07011599453862771,0.06216478199772873,0.4599468751096532,0.55025897323474,-2.0647724914430707,-0.6110601639619113,2.5365594675594036,1.8560245051949091
11.4,0.033333333333333215,342,342,takeover,cartesian_freedrive,-0.9650033932949569,0.0727830773588288,0.06216483377161416,0.45994686613006475,0.5502580967161267,-2.064772522429514,-0.6110601049269551,2.5365594695469884,1.85602450554006
11.433333333333334,0.033333333333333215,343,343,takeover,cartesian_freedrive,-0.9650033932949569,0.07545017795119775,0.062164833819702094,0.4599468660908425,0.5502580943762081,-2.064772522373192,-0.6110601053054733,2.536559469383337,1.8560245055417208
11.466666666666667,0.033333333333333215,344,344,takeover,cartesian_freedrive,-0.9344670665496082,0.07729685706625895,0.05857114504134636,0.455701362314859,0.5756030624790808,-2.105548761905616,-0.6083102973361901,2.536245654426275,1.8357278447765981
11.5,0.033333333333333215,345,345,takeover,cartesian_freedrive,-0.9344670665496082,0.07737858479675036,0.05890236140566652,0.45538634204641226,0.5777231953711827,-2.109724009355595,-0.6081059962632669,2.536222427399121,1.8342219983807526
11.533333333333333,0.033333333333333215,346,346,takeover,cartesian_freedrive,-0.9344670665496082,0.07737868066691077,0.05890395812512649,0.45538481088687666,0.5777332140738312,-2.109744102577562,-0.6081049679711649,2.536222398540505,1.8342147103714725
11.566666666666666,0.033333333333333215,347,347,takeover,cartesian_freedrive,-0.9344670665496082,0.07737868077861668,0.05890396590835074,0.4553848034999183,0.5777332605940839,-2.10974419933472,-0.6081049629091162,2.5362223984053007,1.834214675293873
11.6,0.033333333333333215,348,348,takeover,cartesian_freedrive,-0.9344670665496082,0.07737868077874041,0.058903965946696,0.4553848034642088,0.5777332608030955,-2.109744199800871,-0.6081049628837447,2.5362223984046817,1.8342146751250425
11.633333333333333,0.033333333333333215,349,349,takeover,cartesian_freedrive,-0.9344670665496082,0.07737868077874052,0.058903965946884594,0.45538480346403626,0.5777332608040336,-2.1097441998031163,-0.6081049628836181,2.5362223984046817,1.8342146751242299
11.666666666666666,0.033333333333333215,350,350,takeover,cartesian_freedrive,-0.9344670665496082,0.07737868077874052,0.058903965946885475,0.4553848034640357,0.5777332608040372,-2.1097441998031248,-0.6081049628836181,2.5362223984046817,1.8342146751242274
11.7,0.033333333333333215,351,351,takeover,cartesian_freedrive,-0.9344670665496082,0.07737868077874052,0.058903965946885475,0.4553848034640357,0.5777332608040372,-2.1097441998031248,-0.6081049628836181,2.5362223984046817,1.8342146751242274
